BEGIN	peritus-agent	H	cargo test --package peritus-agent --all-targets --all-features --locked
   Compiling tokio v1.53.1
   Compiling tinystr v0.8.4
   Compiling peritus-codec v0.0.2 (/tmp/gap3-pcr7-inventory-candidate/crates/foundation/peritus-codec)
   Compiling icu_locale_core v2.3.0
   Compiling aws-lc-rs v1.18.0
   Compiling zerotrie v0.2.5
   Compiling potential_utf v0.1.6
   Compiling icu_collections v2.3.0
   Compiling libsqlite3-sys v0.38.2
   Compiling icu_provider v2.3.1
   Compiling aws-lc-sys v0.44.0
   Compiling serde_core v1.0.229
   Compiling futures-macro v0.3.34
   Compiling curve25519-dalek-derive v0.1.1
   Compiling tokio-util v0.7.19
   Compiling rustls-webpki v0.103.15
   Compiling futures-util v0.3.34
   Compiling rustls v0.23.43
   Compiling curve25519-dalek v5.0.0
   Compiling tracing v0.1.44
   Compiling icu_properties v2.3.0
   Compiling icu_normalizer v2.3.0
   Compiling peritus-quality-policy v0.0.2 (/tmp/gap3-pcr7-inventory-candidate/crates/foundation/peritus-quality-policy)
   Compiling peritus-budget v0.0.2 (/tmp/gap3-pcr7-inventory-candidate/crates/foundation/peritus-budget)
   Compiling h2 v0.4.19
   Compiling rusqlite v0.40.2
   Compiling peritus-kernel v0.0.2 (/tmp/gap3-pcr7-inventory-candidate/crates/foundation/peritus-kernel)
   Compiling idna_adapter v1.2.2
   Compiling ed25519-dalek v3.0.0
   Compiling serde_json v1.0.149
   Compiling hyper v1.11.0
   Compiling peritus-artifact-store v0.0.2 (/tmp/gap3-pcr7-inventory-candidate/crates/state/peritus-artifact-store)
   Compiling peritus-approval v0.0.2 (/tmp/gap3-pcr7-inventory-candidate/crates/state/peritus-approval)
   Compiling idna v1.1.0
   Compiling peritus-protocol v0.0.2 (/tmp/gap3-pcr7-inventory-candidate/crates/foundation/peritus-protocol)
   Compiling peritus-leases v0.0.2 (/tmp/gap3-pcr7-inventory-candidate/crates/state/peritus-leases)
   Compiling tower v0.5.3
   Compiling hyper-util v0.1.20
   Compiling peritus-journal v0.0.2 (/tmp/gap3-pcr7-inventory-candidate/crates/state/peritus-journal)
   Compiling url v2.5.8
   Compiling tokio-rustls v0.26.4
   Compiling peritus-role v0.0.2 (/tmp/gap3-pcr7-inventory-candidate/crates/orchestration/peritus-role)
   Compiling serde_derive v1.0.229
   Compiling rustls-platform-verifier v0.7.0
   Compiling serde v1.0.229
   Compiling hyper-rustls v0.27.9
   Compiling tower-http v0.6.11
   Compiling getrandom v0.4.3
   Compiling peritus-run-settlement v0.0.2 (/tmp/gap3-pcr7-inventory-candidate/crates/orchestration/peritus-run-settlement)
   Compiling tempfile v3.27.0
   Compiling peritus-run-knowledge v0.0.2 (/tmp/gap3-pcr7-inventory-candidate/crates/orchestration/peritus-run-knowledge)
   Compiling reqwest v0.13.4
   Compiling peritus-model-protocol v0.0.2 (/tmp/gap3-pcr7-inventory-candidate/crates/model/peritus-model-protocol)
   Compiling peritus-projection v0.0.2 (/tmp/gap3-pcr7-inventory-candidate/crates/state/peritus-projection)
   Compiling peritus-tool-protocol v0.0.2 (/tmp/gap3-pcr7-inventory-candidate/crates/tools/peritus-tool-protocol)
   Compiling peritus-tool-router v0.0.2 (/tmp/gap3-pcr7-inventory-candidate/crates/tools/peritus-tool-router)
   Compiling peritus-evidence v0.0.2 (/tmp/gap3-pcr7-inventory-candidate/crates/state/peritus-evidence)
   Compiling peritus-provider-core v0.0.2 (/tmp/gap3-pcr7-inventory-candidate/crates/model/peritus-provider-core)
   Compiling peritus-context v0.0.2 (/tmp/gap3-pcr7-inventory-candidate/crates/orchestration/peritus-context)
   Compiling peritus-memory v0.0.2 (/tmp/gap3-pcr7-inventory-candidate/crates/orchestration/peritus-memory)
   Compiling peritus-agent v0.0.2 (/tmp/gap3-pcr7-inventory-candidate/crates/orchestration/peritus-agent)
    Finished `test` profile [unoptimized + debuginfo] target(s) in 1m 05s
     Running unittests src/lib.rs (/home/doll/Project-Peritus/.worktrees/formal-scheduler-gap3/target/debug/deps/peritus_agent-98e019980e92ebc2)

running 10 tests
test control::tests::control_updates_handle_stale_saved_phase_without_an_unstated_invariant ... ok
test control::tests::resume_rejects_missing_recovery_before_missing_saved_phase_without_mutation ... ok
test developer::execution::provider_turn::progress::tests::failed_observation_cancels_the_owned_pending_request ... ok
test developer::execution::provider_turn::progress::tests::notice_arrives_while_the_same_provider_future_is_still_pending ... ok
test developer::execution::provider_turn::progress::tests::ready_results_and_streaming_text_do_not_get_wait_notices ... ok
test developer::usage::tests::explicit_total_preserves_derived_counter_overflow_rejection ... ok
test developer::usage::tests::independent_response_usage_adds_without_double_counting_reasoning ... ok
test developer::usage::tests::missing_usage_is_inert_but_an_explicit_zero_is_an_observation ... ok
test developer::usage::tests::rejected_usage_preserves_every_previously_accepted_counter ... ok
test reducer::tests::replay_rejects_correctly_fenced_failure_events_after_terminal_state ... ok

test result: ok. 10 passed; 0 failed; 0 ignored; 0 measured; 0 filtered out; finished in 0.01s

     Running tests/budgets.rs (/home/doll/Project-Peritus/.worktrees/formal-scheduler-gap3/target/debug/deps/budgets-f20cffc9f963cfa4)

running 2 tests
test checked_limits_reject_zero_and_hard_ceiling_overflow ... ok
test transition_exhaustion_is_explicit_failure_not_completion ... ok

test result: ok. 2 passed; 0 failed; 0 ignored; 0 measured; 0 filtered out; finished in 0.00s

     Running tests/control_matrix.rs (/home/doll/Project-Peritus/.worktrees/formal-scheduler-gap3/target/debug/deps/control_matrix-6d669f4adb190ff6)

running 2 tests
test cancellation_phase_completion_does_not_claim_outstanding_tool_termination ... ok
test every_active_phase_pauses_resumes_and_cancels_explicitly ... ok

test result: ok. 2 passed; 0 failed; 0 ignored; 0 measured; 0 filtered out; finished in 0.01s

     Running tests/control_rejections.rs (/home/doll/Project-Peritus/.worktrees/formal-scheduler-gap3/target/debug/deps/control_rejections-ddc702549ad9f9d6)

running 3 tests
test cancelling_rejects_reentry_and_terminal_outer_guard_keeps_precedence ... ok
test phase_tags_and_terminal_detection_remain_const_and_stable ... ok
test resume_and_pause_rejections_keep_existing_classification_and_state ... ok

test result: ok. 3 passed; 0 failed; 0 ignored; 0 measured; 0 filtered out; finished in 0.00s

     Running tests/developer_loop.rs (/home/doll/Project-Peritus/.worktrees/formal-scheduler-gap3/target/debug/deps/developer_loop-293f46012943a148)

running 40 tests
test accounting_tests::dropping_an_inflight_response_retains_accepted_accounting_without_a_terminal ... ok
test accounting_tests::ordinary_developer_requests_negotiate_usage_when_supported ... ok
test context_tests::developer_loop_accounts_image_tiles_instead_of_compressed_transfer_bytes ... ok
test context_tests::developer_loop_bounds_an_oversized_tool_result_before_model_history ... ok
test context_tests::developer_loop_compacts_an_impossible_recent_complete_exchange ... ok
test context_tests::developer_loop_compacts_old_complete_tool_exchanges_with_digest_evidence ... ok
test context_tests::developer_loop_falls_back_when_semantic_compaction_is_unusable ... ok
test context_tests::developer_loop_negotiates_automatic_prompt_caching ... ok
test context_tests::developer_loop_returns_context_when_compaction_cannot_fit_the_request ... ok
test context_tests::framing::context_pressure_with_malformed_compaction_framing_preserves_completed_work ... ok
test developer_loop_executes_a_tool_and_returns_its_observation_to_the_next_model_turn ... ok
test developer_loop_returns_executor_progress_feedback_to_the_same_session ... ok
test developer_loop_uses_the_negotiated_parallel_tool_width ... ok
test grounding_tests::developer_loop_continues_an_early_terminal_in_the_same_grounding_session ... ok
test interaction_tests::cancellation_between_calls_prevents_the_remaining_effects ... ok
test interaction_tests::exact_prepared_request_is_checked_before_send_and_stale_context_is_rebuilt ... ok
test interaction_tests::host_handoff_stops_the_batch_and_returns_without_another_model_request ... ok
test interaction_tests::images::exact_current_images_follow_governing_input_and_withdrawal_discards_the_stale_image ... ok
test interaction_tests::images::unsupported_live_image_input_rejects_before_incorporation_and_provider_send ... ok
test interaction_tests::input_received_during_retry_is_incorporated_before_the_next_provider_request ... ok
test interaction_tests::steering_skips_remaining_calls_and_reaches_the_next_model_request ... ok
test interaction_tests::tool_identity::developer_loop_passes_its_stable_request_prefix_to_both_tool_boundaries ... ok
test local_context_tests::exact_diagnostic_is_ingested_before_model_visible_output_limiting ... ok
test local_context_tests::lifecycle::failed_invocation_retains_observations_and_a_new_provider_requires_fresh_grounding ... ok
test local_context_tests::lifecycle::no_progress_failure_preserves_the_complete_batch_before_stopping ... ok
test local_context_tests::lifecycle::stale_local_invocation_policy_stops_before_publication_or_provider_dispatch ... ok
test local_context_tests::local_context_keeps_host_completion_and_progress_corrections ... ok
test local_context_tests::metadata::host_metadata_overwrites_forgery_after_archival_and_counts_in_request_budget ... ok
test local_context_tests::observation_ingestion_failure_preserves_trace_and_stops_the_tool_batch ... ok
test local_context_tests::old_exchanges_above_the_legacy_trigger_remain_under_local_policy ... ok
test local_context_tests::open_assembly_and_checkpoint_failures_stop_before_any_provider_request ... ok
test local_context_tests::oversized_local_view_never_selects_legacy_compaction_or_publishes ... ok
test local_context_tests::proposal_persistence_failure_prevents_tool_execution ... ok
test reasoning_tests::developer_loop_preserves_opaque_reasoning_on_the_next_tool_result_request ... ok
test retry_tests::cancellation::dropped_loop_cleans_up_pending_start_and_stream_without_cancelling_caller ... ok
test retry_tests::cancellation::explicit_stop_cancels_pending_start_and_stream_without_retry ... ok
test retry_tests::developer_loop_cancels_during_a_planned_retry_wait ... ok
test retry_tests::developer_loop_preserves_a_nonretryable_provider_terminal ... ok
test retry_tests::developer_loop_retries_a_recoverable_malformed_provider_turn ... ok
test retry_tests::interrupted_stream_recovers_automatically_without_repeating_completed_tools ... ok

test result: ok. 40 passed; 0 failed; 0 ignored; 0 measured; 0 filtered out; finished in 1.85s

     Running tests/phase_transitions.rs (/home/doll/Project-Peritus/.worktrees/formal-scheduler-gap3/target/debug/deps/phase_transitions-d126390ef0c293e5)

running 4 tests
test actual_normal_command_path_uses_each_expected_phase_edge_and_replays ... ok
test command_phase_rejections_keep_error_precedence_and_original_state ... ok
test failure_and_exhaustion_terminate_supported_nonterminal_paths_and_replay ... ok
test phase_tag_projection_contains_exactly_the_possible_phase_pairs ... ok

test result: ok. 4 passed; 0 failed; 0 ignored; 0 measured; 0 filtered out; finished in 0.00s

     Running tests/replay_completion.rs (/home/doll/Project-Peritus/.worktrees/formal-scheduler-gap3/target/debug/deps/replay_completion-8524ef291b8edcb6)

running 6 tests
test completion_requires_explicit_proposal_then_commit_and_replays_exactly ... ok
test partial_model_terminal_cannot_become_success_and_rejection_is_non_mutating ... ok
test pause_resume_and_cancel_are_explicit ... ok
test protocol_records_recover_pure_retry_events_and_replay_exactly ... ok
test provider_retry_closes_in_flight_work_and_replays_exact_resume ... ok
test provider_retry_restarts_a_safe_new_request_and_replays_the_backward_phase_edge ... ok

test result: ok. 6 passed; 0 failed; 0 ignored; 0 measured; 0 filtered out; finished in 0.00s

     Running tests/runtime_budget.rs (/home/doll/Project-Peritus/.worktrees/formal-scheduler-gap3/target/debug/deps/runtime_budget-06a03fed8bbbad0e)

running 4 tests
test missing_final_usage_stays_active_until_conservative_ambiguity_consumes_the_ceiling ... ok
test model_attempt_charges_attempt_tokens_cost_and_time_then_admits_one_retry ... ok
test regressing_interim_usage_is_rejected_without_changing_high_water_accounting ... ok
test tool_effect_time_uses_the_same_verified_b1_lifecycle ... ok

test result: ok. 4 passed; 0 failed; 0 ignored; 0 measured; 0 filtered out; finished in 0.00s

     Running tests/runtime_context.rs (/home/doll/Project-Peritus/.worktrees/formal-scheduler-gap3/target/debug/deps/runtime_context-96ed1b5a12252108)

running 1 test
test selected_memory_stays_untrusted_evidence_and_renders_as_a_separate_message ... ok

test result: ok. 1 passed; 0 failed; 0 ignored; 0 measured; 0 filtered out; finished in 0.00s

     Running tests/runtime_driver.rs (/home/doll/Project-Peritus/.worktrees/formal-scheduler-gap3/target/debug/deps/runtime_driver-c73431b71112571a)

running 5 tests
test crash_after_tool_dispatch_is_classified_indeterminate_without_redispatch ... ok
test crash_restores_exact_provider_prefix_before_resuming_at_the_next_cursor ... ok
test exact_provider_duplicate_is_recorded_without_reapplying_semantics ... ok
test fake_provider_completion_is_durable_and_restarts_from_exact_state ... ok
test out_of_order_provider_stream_becomes_explicit_protocol_failure ... ok

test result: ok. 5 passed; 0 failed; 0 ignored; 0 measured; 0 filtered out; finished in 0.08s

     Running tests/runtime_model.rs (/home/doll/Project-Peritus/.worktrees/formal-scheduler-gap3/target/debug/deps/runtime_model-f26ccb5cdd57d983)

running 2 tests
test each_envelope_waits_for_durable_ack_before_reduction_or_next_pull ... ok
test local_cancel_propagates_to_the_owned_provider_stream ... ok

test result: ok. 2 passed; 0 failed; 0 ignored; 0 measured; 0 filtered out; finished in 0.00s

     Running tests/runtime_tools.rs (/home/doll/Project-Peritus/.worktrees/formal-scheduler-gap3/target/debug/deps/runtime_tools-b38f4f7096c6e15d)

running 2 tests
test authorized_fake_inspection_runs_once_and_results_return_to_context ... ok
test complete_inspect_edit_run_test_loop_reaches_only_a_completion_proposal ... ok

test result: ok. 2 passed; 0 failed; 0 ignored; 0 measured; 0 filtered out; finished in 0.12s

     Running tests/tool_ordering.rs (/home/doll/Project-Peritus/.worktrees/formal-scheduler-gap3/target/debug/deps/tool_ordering-52e11fab7ec87dec)

running 3 tests
test indeterminate_result_is_renderable_but_cannot_claim_gate_ready_completion ... ok
test parallel_terminal_arrival_retains_proposal_order ... ok
test unordered_and_parallel_mutation_batches_are_rejected_without_state_change ... ok

test result: ok. 3 passed; 0 failed; 0 ignored; 0 measured; 0 filtered out; finished in 0.00s

PASS	peritus-agent	H
BEGIN	peritus-app-protocol	H	cargo test --package peritus-app-protocol --all-targets --all-features --locked
   Compiling peritus-types v0.0.2 (/tmp/gap3-pcr7-inventory-candidate/crates/foundation/peritus-types)
   Compiling peritus-spec v0.0.2 (/tmp/gap3-pcr7-inventory-candidate/crates/foundation/peritus-spec)
   Compiling peritus-quality-policy v0.0.2 (/tmp/gap3-pcr7-inventory-candidate/crates/foundation/peritus-quality-policy)
   Compiling peritus-budget v0.0.2 (/tmp/gap3-pcr7-inventory-candidate/crates/foundation/peritus-budget)
   Compiling peritus-policy v0.0.2 (/tmp/gap3-pcr7-inventory-candidate/crates/foundation/peritus-policy)
   Compiling peritus-kernel v0.0.2 (/tmp/gap3-pcr7-inventory-candidate/crates/foundation/peritus-kernel)
   Compiling peritus-codec v0.0.2 (/tmp/gap3-pcr7-inventory-candidate/crates/foundation/peritus-codec)
   Compiling peritus-protocol v0.0.2 (/tmp/gap3-pcr7-inventory-candidate/crates/foundation/peritus-protocol)
   Compiling peritus-run-settlement v0.0.2 (/tmp/gap3-pcr7-inventory-candidate/crates/orchestration/peritus-run-settlement)
   Compiling peritus-test-support v0.0.2 (/tmp/gap3-pcr7-inventory-candidate/crates/app/testing/peritus-test-support)
   Compiling peritus-app-protocol v0.0.2 (/tmp/gap3-pcr7-inventory-candidate/crates/app/peritus-app-protocol)
   Compiling peritus-conformance v0.0.2 (/tmp/gap3-pcr7-inventory-candidate/crates/app/testing/peritus-conformance)
    Finished `test` profile [unoptimized + debuginfo] target(s) in 21.38s
     Running unittests src/lib.rs (/home/doll/Project-Peritus/.worktrees/formal-scheduler-gap3/target/debug/deps/peritus_app_protocol-8d9114774205864c)

running 61 tests
test command::result::tests::committed_range_is_positive_and_counts_inclusively ... ok
test doctor::tests::rejects_controls_oversized_text_duplicates_and_empty_reports ... ok
test doctor::tests::report_and_optional_provider_roundtrip_through_public_wire ... ok
test error::code::tests::assigned_error_tags_round_trip ... ok
test identity::tests::idempotency_key_is_nonempty_and_bounded ... ok
test identity::tests::nominal_id_rejects_zero_and_preserves_exact_bytes ... ok
test limits::tests::invalid_codec_relationship_is_rejected ... ok
test limits::tests::negotiation_is_pointwise_minimum ... ok
test schema::codegen::tests::manifest_inventory_is_sorted_and_content_addressed ... ok
test schema::fields::tests::review_intents_are_closed_union_members_with_resolved_json_refs ... ok
test version::feature::tests::feature_sets_are_sorted_and_duplicate_free ... ok
test version::negotiation::tests::negotiation_selects_greatest_common_version_and_marks_downgrade ... ok
test version::range::tests::intersection_selects_greatest_common_minor ... ok
test version::range::tests::range_rejects_zero_major_and_reversal ... ok
test wire::product::settlement::tests::unknown_evidence_status_rejects_before_reading_a_record ... ok
test wire::tests::all_product_handoff_controls_round_trip ... ok
test wire::tests::all_six_families_round_trip_and_typed_hello_decodes ... ok
test wire::tests::dispatcher_separates_family_schema_tag_and_frame_failures ... ok
test wire::tests::encoder_rejects_value_built_above_negotiated_flow_limit ... ok
test wire::tests::negotiated_frame_limit_is_applied_before_payload_allocation ... ok
test wire::tests::product_retry_is_limited_to_unsuccessful_terminal_runs ... ok
test wire::tests::product_run_followups_and_conversations_round_trip ... ok
test wire::tests::product_run_requests_and_snapshots_round_trip ... ok
test wire::workbench_brief::tests::brief_wire_checks_field_count_before_allocating_or_reading_sources ... ok
test wire::workbench_brief::tests::unknown_brief_field_rejects_without_consuming_source_data ... ok
test wire::workbench_checkpoints::tests::checkpoint_inspection_request_uses_tag_121_and_round_trips ... ok
test wire::workbench_checkpoints::tests::preview_round_trips_and_rejects_a_tampered_fingerprint ... ok
test wire::workbench_checkpoints::tests::rewind_modes_child_and_allocation_are_in_the_exact_preview_fingerprint ... ok
test wire::workbench_context::tests::context_query_unknown_view_rejects_without_interpreting_additional_fields ... ok
test wire::workbench_context::tests::rejects_an_excessive_row_count_before_attempting_to_read_any_row ... ok
test wire::workbench_image_page::tests::image_page_rejects_oversized_row_count_before_reading_any_rows ... ok
test wire::workbench_image_page::tests::image_query_rejects_unfenced_continuation_and_excessive_offsets_on_the_wire ... ok
test wire::workbench_init::tests::decoder_rejects_excessive_source_count_before_reading_sources ... ok
test wire::workbench_init::tests::proposal_fingerprint_changes_with_reviewed_identity ... ok
test wire::workbench_init::tests::proposal_roundtrip_retains_exact_original_patch_and_structured_argv ... ok
test wire::workbench_launch::tests::complete_result_page_round_trips_as_a_persistence_value ... ok
test wire::workbench_memory::tests::active_and_content_free_forgotten_rows_roundtrip ... ok
test wire::workbench_memory::tests::all_five_guidance_intent_bodies_roundtrip_canonically ... ok
test wire::workbench_memory::tests::excessive_row_count_rejects_before_allocating_rows ... ok
test workbench::brief::tests::brief_fixtures_roundtrip_every_field_and_require_the_independent_feature ... ok
test workbench::brief::tests::brief_rejects_uncommitted_duplicate_noncanonical_and_superseded_bindings ... ok
test workbench::brief::tests::brief_separates_agent_proposals_and_observed_facts_from_confirmed_fields ... ok
test workbench::context::tests::context_fixtures_roundtrip_every_source_role_view_and_disposition_without_content ... ok
test workbench::context::tests::context_pages_reject_false_seals_wrong_views_gaps_and_duplicate_sources ... ok
test workbench::files::tests::file_compatibility_frames_roundtrip_and_require_independent_feature ... ok
test workbench::images::tests::image_fixtures_roundtrip_every_format_and_independently_gate_upload_preview_and_confirmation ... ok
test workbench::images::tests::image_metadata_and_labels_reject_controls_and_host_limit_violations ... ok
test workbench::images::tests::page::image_eligibility_rejects_deselected_held_withdrawn_and_superseded_sources ... ok
test workbench::images::tests::page::image_page_requires_exact_cardinality_unique_operations_and_committed_revision ... ok
test workbench::init::tests::a_preexisting_managed_section_is_replaced_without_changing_surrounding_bytes ... ok
test workbench::init::tests::exact_managed_section_preserves_all_existing_instruction_bytes ... ok
test workbench::init::tests::proposal_rejects_noncanonical_commands_and_inconsistent_diffs ... ok
test workbench::launch::tests::denied_capture_cannot_carry_fabricated_artifact_facts ... ok
test workbench::launch::tests::evidence_classes_remain_independent ... ok
test workbench::library::fork::tests::read_only_allocation_is_optional_but_isolated_allocation_is_required ... ok
test workbench::memory::tests::accepted_reply_digest_and_stale_dependency_fences_fail_closed ... ok
test workbench::memory::tests::an_older_record_can_advance_from_the_current_project_dependency_revision ... ok
test workbench::memory::tests::explicit_guidance_enters_exact_future_context_then_forget_excludes_it ... ok
test workbench::review::tests::parser_binds_file_and_hunks_to_content_not_line_numbers ... ok
test workbench::review::tests::parser_rejects_traversal_and_malformed_line_only_ranges ... ok
test workbench::review::tests::tag_80_page_and_tag_50_comment_round_trip_canonically ... ok

test result: ok. 61 passed; 0 failed; 0 ignored; 0 measured; 0 filtered out; finished in 0.02s

     Running unittests src/bin/peritus-app-protocol-codegen.rs (/home/doll/Project-Peritus/.worktrees/formal-scheduler-gap3/target/debug/deps/peritus_app_protocol_codegen-57bb3a3eaf05bd38)

running 0 tests

test result: ok. 0 passed; 0 failed; 0 ignored; 0 measured; 0 filtered out; finished in 0.00s

     Running tests/artifact_traces.rs (/home/doll/Project-Peritus/.worktrees/formal-scheduler-gap3/target/debug/deps/artifact_traces-3cf1bd04fb3a5f11)

running 1 test
test chunks_conserve_order_size_digest_and_terminal_state ... ok

test result: ok. 1 passed; 0 failed; 0 ignored; 0 measured; 0 filtered out; finished in 0.00s

     Running tests/command_binding.rs (/home/doll/Project-Peritus/.worktrees/formal-scheduler-gap3/target/debug/deps/command_binding-3725119ab430a1f2)

running 2 tests
test binding_preserves_exact_b3_frames_and_rejects_revision_drift ... ok
test command_binding_accepts_supported_scheduler_schemas_only ... ok

test result: ok. 2 passed; 0 failed; 0 ignored; 0 measured; 0 filtered out; finished in 0.00s

     Running tests/daemon_controls.rs (/home/doll/Project-Peritus/.worktrees/formal-scheduler-gap3/target/debug/deps/daemon_controls-07e8341d8d97d867)

running 1 test
test readiness_heartbeat_diagnostics_and_shutdown_report_truthful_states ... ok

test result: ok. 1 passed; 0 failed; 0 ignored; 0 measured; 0 filtered out; finished in 0.00s

     Running tests/idempotency.rs (/home/doll/Project-Peritus/.worktrees/formal-scheduler-gap3/target/debug/deps/idempotency-0777844dd1ba3444)

running 1 test
test window_distinguishes_new_replay_conflict_capacity_and_removal ... ok

test result: ok. 1 passed; 0 failed; 0 ignored; 0 measured; 0 filtered out; finished in 0.00s

     Running tests/interaction.rs (/home/doll/Project-Peritus/.worktrees/formal-scheduler-gap3/target/debug/deps/interaction-051060ad9226814a)

running 5 tests
test effort_bearing_requests_and_snapshots_roundtrip_every_level_without_changing_legacy_tags ... ok
test every_mode_and_new_query_roundtrips ... ok
test impossible_input_lifecycle_and_duplicate_activity_sequences_are_rejected ... ok
test public_activity_and_catalog_provenance_roundtrip ... ok
test unknown_effort_and_noncanonical_explicit_default_payload_are_rejected ... ok

test result: ok. 5 passed; 0 failed; 0 ignored; 0 measured; 0 filtered out; finished in 0.00s

     Running tests/negotiation.rs (/home/doll/Project-Peritus/.worktrees/formal-scheduler-gap3/target/debug/deps/negotiation-982f1f1da1cc0914)

running 1 test
test negotiation_matrix_is_deterministic_and_explicit ... ok

test result: ok. 1 passed; 0 failed; 0 ignored; 0 measured; 0 filtered out; finished in 0.00s

     Running tests/product_settlement.rs (/home/doll/Project-Peritus/.worktrees/formal-scheduler-gap3/target/debug/deps/product_settlement-2b52847b1651046e)

running 5 tests
test bounded_settlement_collection_round_trips ... ok
test candidate_available_round_trips_without_becoming_accepted ... ok
test legacy_deliverable_bytes_decode_as_qualified ... ok
test settlement_collection_rejects_the_first_out_of_bounds_item ... ok
test snapshot_rejects_candidate_identity_or_stage_disagreement ... ok

test result: ok. 5 passed; 0 failed; 0 ignored; 0 measured; 0 filtered out; finished in 0.00s

     Running tests/production_conformance.rs (/home/doll/Project-Peritus/.worktrees/formal-scheduler-gap3/target/debug/deps/production_conformance-c70554981cb2da9a)

running 1 test
test production_protocol_passes_all_sixteen_a2_cases ... ok

test result: ok. 1 passed; 0 failed; 0 ignored; 0 measured; 0 filtered out; finished in 0.00s

     Running tests/production_refinement.rs (/home/doll/Project-Peritus/.worktrees/formal-scheduler-gap3/target/debug/deps/production_refinement-9d307f798d46cbf9)

running 2 tests
test production_acknowledgement_preserves_replay_gaps_and_maximum_cursor_boundaries ... ok
test production_chunk_and_terminal_arithmetic_matches_wide_integer_accounting ... ok

test result: ok. 2 passed; 0 failed; 0 ignored; 0 measured; 0 filtered out; finished in 0.00s

     Running tests/prompt_freshness.rs (/home/doll/Project-Peritus/.worktrees/formal-scheduler-gap3/target/debug/deps/prompt_freshness-5fb8fac187757cc6)

running 2 tests
test answers_require_complete_binding_and_live_revision ... ok
test approval_prompts_require_challenges_and_accept_only_signed_or_cancelled_answers ... ok

test result: ok. 2 passed; 0 failed; 0 ignored; 0 measured; 0 filtered out; finished in 0.00s

     Running tests/schema_assets.rs (/home/doll/Project-Peritus/.worktrees/formal-scheduler-gap3/target/debug/deps/schema_assets-450434bd87d50cc5)

running 1 test
test checked_in_schema_and_fixture_assets_match_rust_metadata ... ok

test result: ok. 1 passed; 0 failed; 0 ignored; 0 measured; 0 filtered out; finished in 0.04s

     Running tests/subscription_traces.rs (/home/doll/Project-Peritus/.worktrees/formal-scheduler-gap3/target/debug/deps/subscription_traces-e8349f06cb03dec5)

running 2 tests
test event_subscription_accepts_supported_scheduler_schemas_only ... ok
test resume_redelivery_ack_gap_and_backpressure_are_explicit ... ok

test result: ok. 2 passed; 0 failed; 0 ignored; 0 measured; 0 filtered out; finished in 0.00s

     Running tests/terminal_traces.rs (/home/doll/Project-Peritus/.worktrees/formal-scheduler-gap3/target/debug/deps/terminal_traces-07b8c46fef8ba980)

running 1 test
test terminal_attach_stream_resize_detach_cancel_and_exit_ordering_is_exact ... ok

test result: ok. 1 passed; 0 failed; 0 ignored; 0 measured; 0 filtered out; finished in 0.00s

     Running tests/verified_refinement.rs (/home/doll/Project-Peritus/.worktrees/formal-scheduler-gap3/target/debug/deps/verified_refinement-497ac263a04b6053)

running 4 tests
test delivery_and_ack_predicates_enforce_contiguous_monotonic_progress ... ok
test negotiation_predicates_cover_success_and_failure_boundaries ... ok
test terminal_and_bound_predicates_reject_post_terminal_or_excess_input ... ok
test transfer_predicates_conserve_exact_size ... ok

test result: ok. 4 passed; 0 failed; 0 ignored; 0 measured; 0 filtered out; finished in 0.00s

     Running tests/wire_matrix.rs (/home/doll/Project-Peritus/.worktrees/formal-scheduler-gap3/target/debug/deps/wire_matrix-1f3442c2bc8f418b)

running 1 test
test all_six_families_round_trip_and_reject_malformed_frames ... ok

test result: ok. 1 passed; 0 failed; 0 ignored; 0 measured; 0 filtered out; finished in 0.00s

PASS	peritus-app-protocol	H
BEGIN	peritus-approval	H	cargo test --package peritus-approval --all-targets --all-features --locked
   Compiling ed25519-compact v2.3.1
   Compiling peritus-approval v0.0.2 (/tmp/gap3-pcr7-inventory-candidate/crates/state/peritus-approval)
    Finished `test` profile [unoptimized + debuginfo] target(s) in 4.63s
     Running unittests src/lib.rs (/home/doll/Project-Peritus/.worktrees/formal-scheduler-gap3/target/debug/deps/peritus_approval-7d95b04622094f0e)

running 2 tests
test digest::tests::every_request_preimage_field_changes_the_digest_in_isolation ... ok
test render::builder::tests::raw_invalid_utf8_and_controls_are_rejected ... ok

test result: ok. 2 passed; 0 failed; 0 ignored; 0 measured; 0 filtered out; finished in 0.00s

     Running tests/approval_model_traces.rs (/home/doll/Project-Peritus/.worktrees/formal-scheduler-gap3/target/debug/deps/approval_model_traces-63a149532607838a)

running 1 test
test generated_traces_match_independent_model_after_every_step ... ok

test result: ok. 1 passed; 0 failed; 0 ignored; 0 measured; 0 filtered out; finished in 7.19s

     Running tests/authentication_adversarial.rs (/home/doll/Project-Peritus/.worktrees/formal-scheduler-gap3/target/debug/deps/authentication_adversarial-941bdb1f1754a29f)

running 5 tests
test asserted_role_and_independence_are_conjoined_not_inferred ... ok
test authentic_fixture_binds_human_principal_and_signed_role ... ok
test registry_revision_generation_status_actor_and_tier_fail_exactly ... ok
test request_binding_and_time_boundaries_fail_closed ... ok
test weak_public_keys_noncanonical_scalars_and_mutations_are_rejected ... ok

test result: ok. 5 passed; 0 failed; 0 ignored; 0 measured; 0 filtered out; finished in 1.32s

     Running tests/authentication_boundaries.rs (/home/doll/Project-Peritus/.worktrees/formal-scheduler-gap3/target/debug/deps/authentication_boundaries-3bc8e45147ca1ce4)

running 5 tests
test credential_validity_and_clock_epoch_are_half_open_and_fail_closed ... ok
test delayed_decision_from_the_same_reissued_key_fails_on_generation ... ok
test every_independence_category_rejects_its_exact_conflict ... ok
test missing_and_wrong_scope_credentials_fail_exactly ... ok
test signed_request_identity_mismatch_is_rejected_before_state_transition ... ok

test result: ok. 5 passed; 0 failed; 0 ignored; 0 measured; 0 filtered out; finished in 0.96s

     Running tests/bounded_inputs.rs (/home/doll/Project-Peritus/.worktrees/formal-scheduler-gap3/target/debug/deps/bounded_inputs-260350d8541a1827)

running 7 tests
test amendment_identity_rejects_reused_successor_identity ... ok
test closed_risk_and_independence_cardinalities_block_one_over_values ... ok
test credential_constructor_rejects_key_and_principal_mismatch ... ok
test credential_role_limit_and_canonicality_are_exact ... ok
test participant_sets_reject_duplicates_and_noncanonical_order ... ok
test permission_and_participant_limits_reject_exactly_one_over ... ok
test registry_limit_accepts_maximum_and_rejects_one_over_before_lookup ... ok

test result: ok. 7 passed; 0 failed; 0 ignored; 0 measured; 0 filtered out; finished in 0.12s

     Running tests/codec.rs (/home/doll/Project-Peritus/.worktrees/formal-scheduler-gap3/target/debug/deps/codec-5076227497fda2b8)

running 4 tests
test all_decision_choices_round_trip_and_remain_authenticatable ... ok
test credential_registry_round_trip_preserves_canonical_bytes_and_digest ... ok
test malformed_trailing_and_over_limit_frames_fail_closed ... ok
test request_round_trip_preserves_value_and_exact_bytes ... ok

test result: ok. 4 passed; 0 failed; 0 ignored; 0 measured; 0 filtered out; finished in 0.44s

     Running tests/credential_registry_digest.rs (/home/doll/Project-Peritus/.worktrees/formal-scheduler-gap3/target/debug/deps/credential_registry_digest-4a45d718d7edcf89)

running 2 tests
test authenticated_observation_retains_the_exact_snapshot_digest ... ok
test canonical_registry_digest_is_deterministic_and_field_sensitive ... ok

test result: ok. 2 passed; 0 failed; 0 ignored; 0 measured; 0 filtered out; finished in 0.26s

     Running tests/crypto_vectors.rs (/home/doll/Project-Peritus/.worktrees/formal-scheduler-gap3/target/debug/deps/crypto_vectors-257b8be1610ca031)

running 4 tests
test crypto_wrappers_reject_every_adjacent_malformed_length ... ok
test nist_sha256_known_answers_and_reference_differential ... ok
test ordinary_mutations_fail_both_ed25519_implementations ... ok
test rfc8032_vector_is_accepted_by_both_verifiers ... ok

test result: ok. 4 passed; 0 failed; 0 ignored; 0 measured; 0 filtered out; finished in 0.15s

     Running tests/digest_binding.rs (/home/doll/Project-Peritus/.worktrees/formal-scheduler-gap3/target/debug/deps/digest_binding-c3c93d39093de846)

running 3 tests
test all_four_amendment_identity_fields_change_the_decision_digest ... ok
test every_signed_decision_field_changes_the_digest_and_rejects_the_old_signature ... ok
test request_collections_and_redacted_risk_details_are_digest_bound ... ok

test result: ok. 3 passed; 0 failed; 0 ignored; 0 measured; 0 filtered out; finished in 0.32s

     Running tests/lifecycle.rs (/home/doll/Project-Peritus/.worktrees/formal-scheduler-gap3/target/debug/deps/lifecycle-80fcf25e78b6fa38)

running 5 tests
test amendment_authorization_binds_the_exact_previewed_candidate ... ok
test approve_once_binds_one_exact_use_and_rejects_reuse ... ok
test deny_cancel_and_pending_expiry_are_closed_terminal_states ... ok
test exact_replay_survives_expiry_but_conflict_does_not ... ok
test use_binding_failures_preserve_the_authorization ... ok

test result: ok. 5 passed; 0 failed; 0 ignored; 0 measured; 0 filtered out; finished in 0.73s

     Running tests/rendering.rs (/home/doll/Project-Peritus/.worktrees/formal-scheduler-gap3/target/debug/deps/rendering-c591c6661b9f8674)

running 9 tests
test every_resolution_choice_renders_its_exact_identity ... ok
test mandatory_authority_and_time_facts_are_complete ... ok
test mandatory_fields_survive_worst_case_collection_truncation ... ok
test permission_boundaries_have_exact_whole_item_counts ... ok
test permission_truncation_is_whole_item_and_counted ... ok
test provenance_participant_boundaries_are_exact_and_bounded ... ok
test render_is_printable_ascii_bounded_and_deterministic ... ok
test seeded_secret_precursor_renders_only_its_digest ... ok
test unsafe_capability_controls_and_non_ascii_are_rejected_before_render ... ok

test result: ok. 9 passed; 0 failed; 0 ignored; 0 measured; 0 filtered out; finished in 0.33s

     Running tests/risk_binding.rs (/home/doll/Project-Peritus/.worktrees/formal-scheduler-gap3/target/debug/deps/risk_binding-9aa8dfb3b62f469a)

running 1 test
test request_has_no_caller_risk_slot_and_binds_the_exact_policy_union ... ok

test result: ok. 1 passed; 0 failed; 0 ignored; 0 measured; 0 filtered out; finished in 0.00s

PASS	peritus-approval	H
BEGIN	peritus-artifact-store	H	cargo test --package peritus-artifact-store --all-targets --all-features --locked
   Compiling rusqlite v0.40.2
   Compiling peritus-artifact-store v0.0.2 (/tmp/gap3-pcr7-inventory-candidate/crates/state/peritus-artifact-store)
    Finished `test` profile [unoptimized + debuginfo] target(s) in 2.82s
     Running unittests src/lib.rs (/home/doll/Project-Peritus/.worktrees/formal-scheduler-gap3/target/debug/deps/peritus_artifact_store-6612c1a4eab127b4)

running 0 tests

test result: ok. 0 passed; 0 failed; 0 ignored; 0 measured; 0 filtered out; finished in 0.00s

     Running tests/quota_gc.rs (/home/doll/Project-Peritus/.worktrees/formal-scheduler-gap3/target/debug/deps/quota_gc-d79613292c0bfdf3)

running 5 tests
test durable_references_drive_quarantine_then_later_sweep ... ok
test pure_gc_plan_is_canonical_and_restores_marked_quarantine ... ok
test quota_plans_use_checked_arithmetic_and_enforce_exact_limit ... ok
test rewriting_identical_quarantined_content_restores_it_atomically ... ok
test writer_admission_uses_durable_catalog_quota ... ok

test result: ok. 5 passed; 0 failed; 0 ignored; 0 measured; 0 filtered out; finished in 0.01s

     Running tests/restart.rs (/home/doll/Project-Peritus/.worktrees/formal-scheduler-gap3/target/debug/deps/restart-402853540160a6de)

running 6 tests
test durable_quarantine_state_completes_move_after_restart ... ok
test fresh_catalog_includes_integrity_state_with_a_healthy_default ... ok
test publication_before_catalog_insert_is_quarantined_then_swept_on_later_restart ... ok
test read_only_inspection_verifies_bounds_and_bytes_without_recovery ... ok
test restart_contains_referenced_corrupt_object_without_losing_its_audit_root ... ok
test restart_removes_abandoned_partial_temporary_file ... ok

test result: ok. 6 passed; 0 failed; 0 ignored; 0 measured; 0 filtered out; finished in 0.02s

     Running tests/streaming.rs (/home/doll/Project-Peritus/.worktrees/formal-scheduler-gap3/target/debug/deps/streaming-5e144c081023ba3e)

running 8 tests
test chunked_streaming_finalizes_exact_bytes_and_durable_metadata ... ok
test dropping_partial_writer_removes_exclusive_temporary_file ... ok
test duplicate_content_is_idempotent_but_corrupted_destination_is_terminal ... ok
test encryption_binding_metadata_round_trips_durably ... ok
test exact_limit_succeeds_and_one_over_is_rejected_without_partial_chunk ... ok
test exact_size_and_digest_are_checked_independently ... ok
test invalid_config_and_writer_bounds_are_rejected ... ok
test owned_handles_stream_across_calls_without_borrowing_the_store ... ok

test result: ok. 8 passed; 0 failed; 0 ignored; 0 measured; 0 filtered out; finished in 0.02s

PASS	peritus-artifact-store	H
BEGIN	peritus-budget	V	cargo test --package peritus-budget --all-targets --all-features --locked
   Compiling peritus-budget v0.0.2 (/tmp/gap3-pcr7-inventory-candidate/crates/foundation/peritus-budget)
    Finished `test` profile [unoptimized + debuginfo] target(s) in 2.78s
     Running unittests src/lib.rs (/home/doll/Project-Peritus/.worktrees/formal-scheduler-gap3/target/debug/deps/peritus_budget-00d45dfcbd6ecc42)

running 0 tests

test result: ok. 0 passed; 0 failed; 0 ignored; 0 measured; 0 filtered out; finished in 0.00s

     Running tests/adversarial.rs (/home/doll/Project-Peritus/.worktrees/formal-scheduler-gap3/target/debug/deps/adversarial-65bd7b466f786ffb)

running 5 tests
test close_rejects_live_work_and_seal_blocks_only_new_work ... ok
test exact_settlement_consumes_the_remaining_ceiling_and_replays_once ... ok
test reducer_overflow_is_typed_and_state_preserving_in_every_dimension ... ok
test request_arithmetic_overflow_is_typed_and_never_partially_charges ... ok
test zero_limits_are_valid_and_immediately_exhausted ... ok

test result: ok. 5 passed; 0 failed; 0 ignored; 0 measured; 0 filtered out; finished in 0.00s

     Running tests/amounts.rs (/home/doll/Project-Peritus/.worktrees/formal-scheduler-gap3/target/debug/deps/amounts-4260d1d446418d5d)

running 4 tests
test every_stable_error_code_has_an_exact_recovery_contract ... ok
test exact_arithmetic_boundaries_cover_every_dimension ... ok
test fixed_dimensions_are_total_and_stably_ordered ... ok
test limiting_dimension_set_reports_every_mixed_excess ... ok

test result: ok. 4 passed; 0 failed; 0 ignored; 0 measured; 0 filtered out; finished in 0.00s

     Running tests/commit_boundary.rs (/home/doll/Project-Peritus/.worktrees/formal-scheduler-gap3/target/debug/deps/commit_boundary-f688a8dc83c16881)

running 3 tests
test active_or_indeterminate_history_cannot_be_recast_as_held_cancellation ... ok
test cancellation_replay_is_exact_and_changed_evidence_is_not_a_second_release ... ok
test forged_unknown_and_mismatched_claims_cannot_release_capacity ... ok

test result: ok. 3 passed; 0 failed; 0 ignored; 0 measured; 0 filtered out; finished in 0.00s

     Running tests/generated.rs (/home/doll/Project-Peritus/.worktrees/formal-scheduler-gap3/target/debug/deps/generated-04fdc65542f238fa)

running 1 test
test persisted_seed_traces_refine_independent_high_water_model ... ok

test result: ok. 1 passed; 0 failed; 0 ignored; 0 measured; 0 filtered out; finished in 0.01s

     Running tests/ledger.rs (/home/doll/Project-Peritus/.worktrees/formal-scheduler-gap3/target/debug/deps/ledger-8287d75a3e795e46)

running 5 tests
test above_ceiling_consumes_remaining_ceiling_faults_lineage_and_preserves_raw_report ... ok
test child_consumption_reaches_each_ancestor_once_and_close_only_releases_unused_delegation ... ok
test cumulative_observations_charge_only_delta_reject_decrease_and_release_final_remainder ... ok
test exact_limit_is_accepted_and_one_over_reports_all_limiting_dimensions ... ok
test held_cancel_releases_but_active_ambiguity_consumes_every_remaining_unit ... ok

test result: ok. 5 passed; 0 failed; 0 ignored; 0 measured; 0 filtered out; finished in 0.00s

     Running tests/lifecycle_reference.rs (/home/doll/Project-Peritus/.worktrees/formal-scheduler-gap3/target/debug/deps/lifecycle_reference-ddd4cb30b8396c9b)

running 1 test
test persisted_full_lifecycle_traces_refine_independent_hierarchical_model ... ok

test result: ok. 1 passed; 0 failed; 0 ignored; 0 measured; 0 filtered out; finished in 0.13s

     Running tests/model.rs (/home/doll/Project-Peritus/.worktrees/formal-scheduler-gap3/target/debug/deps/model-649b705f6d2bbd9a)

running 3 tests
test bounded_reordered_trace_matches_independent_high_water_model ... ok
test every_bounded_final_report_partitions_ceiling_without_refund ... ok
test one_over_ceiling_is_conservative_and_exact_replay_is_stable ... ok

test result: ok. 3 passed; 0 failed; 0 ignored; 0 measured; 0 filtered out; finished in 0.00s

     Running tests/rejection_reference.rs (/home/doll/Project-Peritus/.worktrees/formal-scheduler-gap3/target/debug/deps/rejection_reference-9737c3429dded4f3)

running 2 tests
test branch_ordered_rejections_preserve_the_exact_full_ledger ... ok
test replay_receipts_are_exact_and_nonconsuming ... ok

test result: ok. 2 passed; 0 failed; 0 ignored; 0 measured; 0 filtered out; finished in 0.00s

     Running tests/retry.rs (/home/doll/Project-Peritus/.worktrees/formal-scheduler-gap3/target/debug/deps/retry-a96e0b8ba44c212a)

running 3 tests
test reservation_tombstones_reject_semantic_id_reuse_and_binding_tampering ... ok
test retry_requires_fresh_identity_and_charges_attempt_and_retry_before_execution ... ok
test retry_waits_for_terminal_resolution_and_duplicate_observations_bind_evidence ... ok

test result: ok. 3 passed; 0 failed; 0 ignored; 0 measured; 0 filtered out; finished in 0.00s

PASS	peritus-budget	V
BEGIN	peritus-codec	H	cargo test --package peritus-codec --all-targets --all-features --locked
   Compiling peritus-codec v0.0.2 (/tmp/gap3-pcr7-inventory-candidate/crates/foundation/peritus-codec)
    Finished `test` profile [unoptimized + debuginfo] target(s) in 0.65s
     Running unittests src/lib.rs (/home/doll/Project-Peritus/.worktrees/formal-scheduler-gap3/target/debug/deps/peritus_codec-e85858a7c2a3dbf5)

running 0 tests

test result: ok. 0 passed; 0 failed; 0 ignored; 0 measured; 0 filtered out; finished in 0.00s

     Running tests/frame.rs (/home/doll/Project-Peritus/.worktrees/formal-scheduler-gap3/target/debug/deps/frame-1d08d551fa0a8b74)

running 4 tests
test every_header_and_payload_truncation_is_rejected ... ok
test frame_rejects_reserved_fields_and_resource_overruns ... ok
test malformed_headers_and_trailing_data_fail_exactly ... ok
test version_one_frame_has_exact_header_and_round_trips ... ok

test result: ok. 4 passed; 0 failed; 0 ignored; 0 measured; 0 filtered out; finished in 0.00s

     Running tests/message.rs (/home/doll/Project-Peritus/.worktrees/formal-scheduler-gap3/target/debug/deps/message-390abe27851fdb89)

running 2 tests
test typed_decode_rejects_wrong_family_schema_and_payload_trailing_bytes ... ok
test typed_messages_round_trip_and_hash_complete_frames ... ok

test result: ok. 2 passed; 0 failed; 0 ignored; 0 measured; 0 filtered out; finished in 0.00s

     Running tests/primitives.rs (/home/doll/Project-Peritus/.worktrees/formal-scheduler-gap3/target/debug/deps/primitives-9a3eb5efedfbc9ac)

running 4 tests
test exact_limits_succeed_and_one_over_fails_without_partial_write ... ok
test invalid_closed_tags_utf8_and_trailing_bytes_are_rejected ... ok
test nesting_limit_is_exact_for_reader_and_writer ... ok
test primitive_encoding_is_fixed_width_big_endian_and_round_trips ... ok

test result: ok. 4 passed; 0 failed; 0 ignored; 0 measured; 0 filtered out; finished in 0.00s

PASS	peritus-codec	H
BEGIN	peritus-collaboration	H	cargo test --package peritus-collaboration --all-targets --all-features --locked
   Compiling peritus-artifact-store v0.0.2 (/tmp/gap3-pcr7-inventory-candidate/crates/state/peritus-artifact-store)
   Compiling peritus-leases v0.0.2 (/tmp/gap3-pcr7-inventory-candidate/crates/state/peritus-leases)
   Compiling peritus-journal v0.0.2 (/tmp/gap3-pcr7-inventory-candidate/crates/state/peritus-journal)
   Compiling peritus-projection v0.0.2 (/tmp/gap3-pcr7-inventory-candidate/crates/state/peritus-projection)
   Compiling peritus-evidence v0.0.2 (/tmp/gap3-pcr7-inventory-candidate/crates/state/peritus-evidence)
   Compiling peritus-scheduler v0.0.2 (/tmp/gap3-pcr7-inventory-candidate/crates/orchestration/peritus-scheduler)
   Compiling peritus-role v0.0.2 (/tmp/gap3-pcr7-inventory-candidate/crates/orchestration/peritus-role)
   Compiling peritus-collaboration v0.0.2 (/tmp/gap3-pcr7-inventory-candidate/crates/orchestration/peritus-collaboration)
    Finished `test` profile [unoptimized + debuginfo] target(s) in 10.20s
     Running unittests src/lib.rs (/home/doll/Project-Peritus/.worktrees/formal-scheduler-gap3/target/debug/deps/peritus_collaboration-9e039b44eec755b1)

running 1 test
test wire::fixture_tests::canonical_corpus_is_exact_and_rejects_tag_and_trailing_corruption ... ok

test result: ok. 1 passed; 0 failed; 0 ignored; 0 measured; 0 filtered out; finished in 0.00s

     Running tests/cancellation_causality.rs (/home/doll/Project-Peritus/.worktrees/formal-scheduler-gap3/target/debug/deps/cancellation_causality-59738872862b0531)

running 2 tests
test cancellation_propagates_canonically_and_cannot_resurrect_success ... ok
test pause_blocks_only_new_delegation_and_resume_restores_it ... ok

test result: ok. 2 passed; 0 failed; 0 ignored; 0 measured; 0 filtered out; finished in 0.00s

     Running tests/domain_lifecycle.rs (/home/doll/Project-Peritus/.worktrees/formal-scheduler-gap3/target/debug/deps/domain_lifecycle-113b61f498c39268)

running 4 tests
test all_required_lifecycle_message_handoff_and_finalization_are_exact ... ok
test any_required_needs_one_declared_success_and_optional_failure_does_not_manufacture_it ... ok
test identities_limits_and_causal_message_shape_are_checked ... ok
test missing_required_child_wrong_owner_and_stale_reservation_are_rejected_without_transition ... ok

test result: ok. 4 passed; 0 failed; 0 ignored; 0 measured; 0 filtered out; finished in 0.00s

     Running tests/durability_restart.rs (/home/doll/Project-Peritus/.worktrees/formal-scheduler-gap3/target/debug/deps/durability_restart-fb0f3c5c4d2c596d)

running 2 tests
test exact_transition_survives_restart_and_resolves_idempotently ... ok
test reused_command_identity_with_different_bytes_is_a_conflict ... ok

test result: ok. 2 passed; 0 failed; 0 ignored; 0 measured; 0 filtered out; finished in 0.01s

     Running tests/replay_semantics.rs (/home/doll/Project-Peritus/.worktrees/formal-scheduler-gap3/target/debug/deps/replay_semantics-854bf26671d54dce)

running 1 test
test replay_is_exact_and_rejects_empty_duplicate_and_reordered_streams ... ok

test result: ok. 1 passed; 0 failed; 0 ignored; 0 measured; 0 filtered out; finished in 0.00s

PASS	peritus-collaboration	H
BEGIN	peritus-context	H	cargo test --package peritus-context --all-targets --all-features --locked
   Compiling peritus-run-knowledge v0.0.2 (/tmp/gap3-pcr7-inventory-candidate/crates/orchestration/peritus-run-knowledge)
   Compiling peritus-context v0.0.2 (/tmp/gap3-pcr7-inventory-candidate/crates/orchestration/peritus-context)
    Finished `test` profile [unoptimized + debuginfo] target(s) in 4.03s
     Running unittests src/lib.rs (/home/doll/Project-Peritus/.worktrees/formal-scheduler-gap3/target/debug/deps/peritus_context-e87d8e5ab97bded4)

running 0 tests

test result: ok. 0 passed; 0 failed; 0 ignored; 0 measured; 0 filtered out; finished in 0.00s

     Running tests/compaction_matrix.rs (/home/doll/Project-Peritus/.worktrees/formal-scheduler-gap3/target/debug/deps/compaction_matrix-ae2aba961cf9af5b)

running 9 tests
test hidden_source_is_rejected_even_with_a_plan_from_another_graph ... ok
test protected_and_mixed_context_sources_are_rejected ... ok
test ranges_and_proposals_reject_empty_overlap_duplicate_and_noncanonical_inputs ... ok
test replacement_rejects_required_sources_and_graph_drift ... ok
test replacement_separates_lineage_and_rewrites_live_dependencies ... ok
test successful_compaction_retains_provenance_ranges_dependencies_and_savings ... ok
test trust_is_preserved_only_for_all_trusted_inputs_and_an_explicit_policy ... ok
test validation_rejects_missing_digest_range_selection_and_savings_failures ... ok
test validation_rejects_policy_identity_existing_output_and_self_lineage ... ok

test result: ok. 9 passed; 0 failed; 0 ignored; 0 measured; 0 filtered out; finished in 0.00s

     Running tests/graph_matrix.rs (/home/doll/Project-Peritus/.worktrees/formal-scheduler-gap3/target/debug/deps/graph_matrix-354e33e2d8b78c12)

running 8 tests
test cycle_diagnostics_preserve_legacy_residual_order_for_complex_shapes ... ok
test dependency_metadata_rejects_self_duplicate_and_noncanonical_edges ... ok
test dependent_count_traversal_preserves_long_chain_and_cycle_result ... ok
test graph_rejects_cycles_and_accepts_a_canonical_dag ... ok
test graph_rejects_empty_duplicate_unordered_and_missing_nodes ... ok
test identifiers_content_and_limits_are_checked ... ok
test node_metadata_rejects_zero_and_security_mismatches ... ok
test visibility_requires_nonempty_canonical_unique_roles ... ok

test result: ok. 8 passed; 0 failed; 0 ignored; 0 measured; 0 filtered out; finished in 0.01s

     Running tests/poisoning.rs (/home/doll/Project-Peritus/.worktrees/formal-scheduler-gap3/target/debug/deps/poisoning-c6ebf1553f655ece)

running 2 tests
test instruction_like_payloads_from_every_non_authoritative_source_stay_evidence ... ok
test render_order_preserves_precedence_and_every_metadata_field ... ok

test result: ok. 2 passed; 0 failed; 0 ignored; 0 measured; 0 filtered out; finished in 0.00s

     Running tests/reuse_matrix.rs (/home/doll/Project-Peritus/.worktrees/formal-scheduler-gap3/target/debug/deps/reuse_matrix-783cc0d073113beb)

running 5 tests
test changed_source_requires_new_digest_bound_context_before_selection ... ok
test deterministic_selection_retains_full_provenance_and_packet_order ... ok
test link_admission_rejects_duplicate_missing_and_absent_nodes ... ok
test packet_binding_uses_the_complete_candidate_identity ... ok
test role_and_context_class_visibility_are_both_required ... ok

test result: ok. 5 passed; 0 failed; 0 ignored; 0 measured; 0 filtered out; finished in 0.00s

     Running tests/selection_matrix.rs (/home/doll/Project-Peritus/.worktrees/formal-scheduler-gap3/target/debug/deps/selection_matrix-1ece1bcb27fd4982)

running 7 tests
test hidden_required_root_and_dependency_fail_transactionally ... ok
test identical_inputs_produce_byte_for_byte_equal_plans ... ok
test optional_closure_is_omitted_atomically_and_explained ... ok
test ranking_uses_authority_requirement_priority_recency_then_id ... ok
test required_budget_node_and_byte_failures_name_the_root ... ok
test required_root_selects_complete_dependency_closure ... ok
test token_budget_checks_boundaries_and_reports_each_component ... ok

test result: ok. 7 passed; 0 failed; 0 ignored; 0 measured; 0 filtered out; finished in 0.00s

     Running tests/working_bounds.rs (/home/doll/Project-Peritus/.worktrees/formal-scheduler-gap3/target/debug/deps/working_bounds-711e89a96f3e4b45)

running 6 tests
test duplicate_unordered_and_host_status_proposals_are_rejected ... ok
test identical_inputs_reduce_to_identical_state_and_noop_refresh_is_idempotent ... ok
test reviewer_projection_omits_even_required_derived_entries_and_rejects_other_roles ... ok
test source_capacity_exhaustion_keeps_the_existing_prefix ... ok
test stale_evidence_must_postdate_repeated_environment_invalidation ... ok
test state_rechecks_proposals_built_with_wider_limits ... ok

test result: ok. 6 passed; 0 failed; 0 ignored; 0 measured; 0 filtered out; finished in 0.00s

     Running tests/working_headroom.rs (/home/doll/Project-Peritus/.worktrees/formal-scheduler-gap3/target/debug/deps/working_headroom-d92e734a5fab1035)

running 2 tests
test headroom_preserves_required_roots_and_shared_dependencies_without_optional_expansion ... ok
test optional_entries_do_not_borrow_headroom ... ok

test result: ok. 2 passed; 0 failed; 0 ignored; 0 measured; 0 filtered out; finished in 0.00s

     Running tests/working_replay.rs (/home/doll/Project-Peritus/.worktrees/formal-scheduler-gap3/target/debug/deps/working_replay-8940d9e7af2e20c5)

running 6 tests
test all_truncated_prefixes_and_trailing_bytes_are_rejected ... ok
test canonical_observation_version_one_fixture_is_stable ... ok
test replay_never_skips_a_bad_event_or_redispatches_any_operation ... ok
test snapshot_plus_committed_suffix_matches_uninterrupted_execution ... ok
test snapshot_preserves_sticky_staleness_and_superseded_evidence ... ok
test unknown_versions_scope_and_wider_snapshot_limits_fail_closed ... ok

test result: ok. 6 passed; 0 failed; 0 ignored; 0 measured; 0 filtered out; finished in 0.00s

     Running tests/working_state.rs (/home/doll/Project-Peritus/.worktrees/formal-scheduler-gap3/target/debug/deps/working_state-edc6774d059128d1)

running 11 tests
test dependency_cycles_include_supersession_edges ... ok
test every_scope_dimension_is_checked_before_read_or_write ... ok
test file_changes_invalidate_transitively_but_unrelated_edits_do_not ... ok
test malformed_ranges_limits_and_reference_order_are_rejected ... ok
test missing_sources_and_dependencies_reject_the_entire_batch ... ok
test model_status_never_confers_authority_and_counterevidence_survives ... ok
test observations_are_contiguous_exact_and_idempotent ... ok
test revision_and_conversation_rebinding_are_monotonic ... ok
test stale_reactivation_requires_evidence_after_the_invalidation_boundary ... ok
test supersession_retains_sources_and_invalidates_dependents ... ok
test uncertain_or_missing_file_dependencies_cannot_be_asserted_current ... ok

test result: ok. 11 passed; 0 failed; 0 ignored; 0 measured; 0 filtered out; finished in 0.00s

PASS	peritus-context	H
BEGIN	peritus-daemon	H	cargo test --package peritus-daemon --all-targets --all-features --locked
   Compiling peritus-types v0.0.2 (/tmp/gap3-pcr7-inventory-candidate/crates/foundation/peritus-types)
   Compiling peritus-codec v0.0.2 (/tmp/gap3-pcr7-inventory-candidate/crates/foundation/peritus-codec)
   Compiling peritus-policy v0.0.2 (/tmp/gap3-pcr7-inventory-candidate/crates/foundation/peritus-policy)
   Compiling peritus-spec v0.0.2 (/tmp/gap3-pcr7-inventory-candidate/crates/foundation/peritus-spec)
   Compiling peritus-quality-policy v0.0.2 (/tmp/gap3-pcr7-inventory-candidate/crates/foundation/peritus-quality-policy)
   Compiling peritus-budget v0.0.2 (/tmp/gap3-pcr7-inventory-candidate/crates/foundation/peritus-budget)
   Compiling peritus-kernel v0.0.2 (/tmp/gap3-pcr7-inventory-candidate/crates/foundation/peritus-kernel)
   Compiling peritus-protocol v0.0.2 (/tmp/gap3-pcr7-inventory-candidate/crates/foundation/peritus-protocol)
   Compiling peritus-approval v0.0.2 (/tmp/gap3-pcr7-inventory-candidate/crates/state/peritus-approval)
   Compiling peritus-artifact-store v0.0.2 (/tmp/gap3-pcr7-inventory-candidate/crates/state/peritus-artifact-store)
   Compiling peritus-leases v0.0.2 (/tmp/gap3-pcr7-inventory-candidate/crates/state/peritus-leases)
   Compiling peritus-journal v0.0.2 (/tmp/gap3-pcr7-inventory-candidate/crates/state/peritus-journal)
   Compiling peritus-projection v0.0.2 (/tmp/gap3-pcr7-inventory-candidate/crates/state/peritus-projection)
   Compiling peritus-model-protocol v0.0.2 (/tmp/gap3-pcr7-inventory-candidate/crates/model/peritus-model-protocol)
   Compiling peritus-tool-protocol v0.0.2 (/tmp/gap3-pcr7-inventory-candidate/crates/tools/peritus-tool-protocol)
   Compiling peritus-sandbox v0.0.2 (/tmp/gap3-pcr7-inventory-candidate/crates/runtime/peritus-sandbox)
   Compiling peritus-patch v0.0.2 (/tmp/gap3-pcr7-inventory-candidate/crates/runtime/peritus-patch)
   Compiling peritus-git v0.0.2 (/tmp/gap3-pcr7-inventory-candidate/crates/runtime/peritus-git)
   Compiling peritus-run-settlement v0.0.2 (/tmp/gap3-pcr7-inventory-candidate/crates/orchestration/peritus-run-settlement)
   Compiling peritus-workspace v0.0.2 (/tmp/gap3-pcr7-inventory-candidate/crates/runtime/peritus-workspace)
   Compiling peritus-tool-router v0.0.2 (/tmp/gap3-pcr7-inventory-candidate/crates/tools/peritus-tool-router)
   Compiling peritus-evidence v0.0.2 (/tmp/gap3-pcr7-inventory-candidate/crates/state/peritus-evidence)
   Compiling peritus-role v0.0.2 (/tmp/gap3-pcr7-inventory-candidate/crates/orchestration/peritus-role)
   Compiling peritus-provider-core v0.0.2 (/tmp/gap3-pcr7-inventory-candidate/crates/model/peritus-provider-core)
   Compiling peritus-process v0.0.2 (/tmp/gap3-pcr7-inventory-candidate/crates/runtime/peritus-process)
   Compiling peritus-run-knowledge v0.0.2 (/tmp/gap3-pcr7-inventory-candidate/crates/orchestration/peritus-run-knowledge)
   Compiling peritus-context v0.0.2 (/tmp/gap3-pcr7-inventory-candidate/crates/orchestration/peritus-context)
   Compiling peritus-scheduler v0.0.2 (/tmp/gap3-pcr7-inventory-candidate/crates/orchestration/peritus-scheduler)
   Compiling peritus-tools-quality v0.0.2 (/tmp/gap3-pcr7-inventory-candidate/crates/tools/peritus-tools-quality)
   Compiling peritus-memory v0.0.2 (/tmp/gap3-pcr7-inventory-candidate/crates/orchestration/peritus-memory)
   Compiling peritus-obligations v0.0.2 (/tmp/gap3-pcr7-inventory-candidate/crates/orchestration/peritus-obligations)
   Compiling peritus-gates v0.0.2 (/tmp/gap3-pcr7-inventory-candidate/crates/orchestration/peritus-gates)
   Compiling peritus-agent v0.0.2 (/tmp/gap3-pcr7-inventory-candidate/crates/orchestration/peritus-agent)
   Compiling peritus-collaboration v0.0.2 (/tmp/gap3-pcr7-inventory-candidate/crates/orchestration/peritus-collaboration)
   Compiling peritus-review v0.0.2 (/tmp/gap3-pcr7-inventory-candidate/crates/orchestration/peritus-review)
   Compiling peritus-orchestrator v0.0.2 (/tmp/gap3-pcr7-inventory-candidate/crates/orchestration/peritus-orchestrator)
   Compiling peritus-harness v0.0.2 (/tmp/gap3-pcr7-inventory-candidate/crates/orchestration/peritus-harness)
   Compiling peritus-trace v0.0.2 (/tmp/gap3-pcr7-inventory-candidate/crates/observe/peritus-trace)
   Compiling peritus-secrets v0.0.2 (/tmp/gap3-pcr7-inventory-candidate/crates/runtime/peritus-secrets)
   Compiling peritus-network v0.0.2 (/tmp/gap3-pcr7-inventory-candidate/crates/runtime/peritus-network)
   Compiling peritus-sandbox-linux v0.0.2 (/tmp/gap3-pcr7-inventory-candidate/crates/runtime/peritus-sandbox-linux)
   Compiling peritus-debugger v0.0.2 (/tmp/gap3-pcr7-inventory-candidate/crates/analysis/peritus-debugger)
   Compiling peritus-eval v0.0.2 (/tmp/gap3-pcr7-inventory-candidate/crates/analysis/peritus-eval)
   Compiling peritus-tools-shell v0.0.2 (/tmp/gap3-pcr7-inventory-candidate/crates/tools/peritus-tools-shell)
   Compiling peritus-product-runner v0.0.2 (/tmp/gap3-pcr7-inventory-candidate/crates/app/peritus-product-runner)
   Compiling peritus-evolution v0.0.2 (/tmp/gap3-pcr7-inventory-candidate/crates/analysis/peritus-evolution)
   Compiling peritus-telemetry v0.0.2 (/tmp/gap3-pcr7-inventory-candidate/crates/observe/peritus-telemetry)
   Compiling peritus-provider-anthropic v0.0.2 (/tmp/gap3-pcr7-inventory-candidate/crates/model/peritus-provider-anthropic)
   Compiling peritus-provider-google v0.0.2 (/tmp/gap3-pcr7-inventory-candidate/crates/model/peritus-provider-google)
   Compiling peritus-provider-compatible v0.0.2 (/tmp/gap3-pcr7-inventory-candidate/crates/model/peritus-provider-compatible)
   Compiling peritus-provider-openai v0.0.2 (/tmp/gap3-pcr7-inventory-candidate/crates/model/peritus-provider-openai)
   Compiling peritus-tools-fs v0.0.2 (/tmp/gap3-pcr7-inventory-candidate/crates/tools/peritus-tools-fs)
   Compiling peritus-tools-git v0.0.2 (/tmp/gap3-pcr7-inventory-candidate/crates/tools/peritus-tools-git)
   Compiling peritus-app-protocol v0.0.2 (/tmp/gap3-pcr7-inventory-candidate/crates/app/peritus-app-protocol)
   Compiling peritus-migrations v0.0.2 (/tmp/gap3-pcr7-inventory-candidate/crates/state/peritus-migrations)
   Compiling peritus-local-socket v0.0.2 (/tmp/gap3-pcr7-inventory-candidate/crates/runtime/peritus-local-socket)
   Compiling peritus-daemon v0.0.2 (/tmp/gap3-pcr7-inventory-candidate/crates/app/peritus-daemon)
   Compiling peritus-test-support v0.0.2 (/tmp/gap3-pcr7-inventory-candidate/crates/app/testing/peritus-test-support)
    Finished `test` profile [unoptimized + debuginfo] target(s) in 2m 10s
     Running unittests src/lib.rs (/home/doll/Project-Peritus/.worktrees/formal-scheduler-gap3/target/debug/deps/peritus_daemon-284c06b4a696f2bd)

running 181 tests
test artifact::service::tests::foreign_completion_and_duplicate_object_upload_do_not_destroy_the_owned_transfer ... ok
test artifact::service::tests::interrupted_claim_cannot_be_adopted_by_legacy_or_foreign_upload_after_restart ... ok
test artifact::service::tests::legacy_artifact_cannot_be_promoted_to_a_scoped_import_by_identifier ... ok
test artifact::service::tests::scoped_upload_bytes_and_owner_conversation_workspace_binding_survive_restart ... ok
test authority::owner::orchestrator::children_tests::child_command_and_event_identities_are_restart_stable_and_domain_separated ... ok
test authority::owner::orchestrator::children_tests::d3::collaboration_cancel_and_finalize_retry_without_manufacturing_success ... ok
test authority::owner::orchestrator::children_tests::d3::collaboration_lifecycle_retries_exactly_across_restart ... ok
test authority::owner::orchestrator::children_tests::d3::scheduler_lifecycle_retries_exactly_across_restart ... ok
test authority::owner::orchestrator::children_tests::d3::scheduler_stale_fence_does_not_append_or_claim_success ... ok
test authority::owner::orchestrator::children_tests::production_router_registers_both_supported_child_destinations ... ok
test authority::owner::orchestrator::children_tests::review_child_admission_retries_exactly_across_restart ... ok
test authority::owner::orchestrator_tests::owner_rejects_a_claim_that_is_absent_from_the_target_run_history ... ok
test authority::owner::orchestrator_tests::owner_restart_retry_resolves_the_same_acknowledgement ... ok
test authority::owner::orchestrator_tests::owner_settlement_atomically_acknowledges_e0_and_c0 ... ok
test authority::owner::orchestrator_tests::stale_fence_rolls_back_before_the_current_claim_can_settle ... ok
test authority::owner::prompt_tests::settled_prompt_restores_its_terminal_status_after_restart ... ok
test cli::context::tests::inspection_requires_exact_identity_and_rejects_duplicates_or_unknown_flags ... ok
test command::service_tests::same_id_schema_v2_relabel_conflicts_without_aliasing_the_v1_result ... ok
test command::service_tests::settled_v1_genesis_retry_returns_its_original_committed_result ... ok
test command::service_tests::unsettled_v1_genesis_retries_reconcile_the_exact_c0_digest ... ok
test component::tools::tests::configured_allowlist_is_canonical_and_exact ... ok
test component::tools::tests::duplicates_and_unknown_routes_are_rejected ... ok
test component::tools::tests::empty_allowlist_exposes_no_router_or_operations ... ok
test component::tools::tests::every_registration_has_the_declared_route_name ... ok
test component::tools::tests::unsupported_git_merge_is_never_a_production_handler ... ok
test config::context::tests::local_is_default_and_legacy_is_explicit_with_strict_bounds ... ok
test config::context::tests::offline_admission_checks_every_route_and_disallows_automatic_failover ... ok
test config::product::tests::failover_defaults_off_and_requires_an_explicit_true_value ... ok
test domain::dispatch::scheduler_tests::fresh_v1_genesis_is_rejected_without_state_while_equivalent_v2_genesis_commits ... ok
test ipc::server::tests::delayed_accept_remains_cancellable_without_consuming_the_queued_client ... ok
test lifecycle::tests::startup_rejects_repeated_skipped_and_reversed_phases ... ok
test outbox::handlers::tests::durable_handlers_cover_every_non_child_destination_once ... ok
test product_control::guidance::tests::c0_reopen_retains_tombstone_and_audit_while_future_render_excludes_guidance ... ok
test product_control::init::tests::decline_and_prepare_are_no_effects_and_an_intervening_edit_rejects_without_overwrite ... ok
test product_control::init::tests::existing_instructions_are_discovered_then_applied_exactly_without_running_scripts ... ok
test product_control::inputs::tests::brief_edits_fence_stale_requests_and_seal_the_exact_revised_requirement_after_restart ... ok
test product_control::inputs::tests::exact_request_admission_replays_after_restart_and_never_consumes_a_withdrawn_input ... ok
test product_control::inputs::tests::public_reply_is_immutable_and_enters_only_a_later_user_turn_after_restart ... ok
test product_control::storage::tests::closing_the_store_releases_ownership_even_while_a_duplicated_handle_exists ... ok
test product_control::storage::tests::context::compact_preview_confirmation_changes_next_view_but_not_exact_archives ... ok
test product_control::storage::tests::context::context_pagination_and_exclusions_track_exact_revisions_without_incorporation ... ok
test product_control::storage::tests::context::context_preferences_change_only_future_request_views_and_survive_restart ... ok
test product_control::storage::tests::context::manifest_metadata_tampering_is_detected_even_with_a_recomputed_artifact_digest ... ok
test product_control::storage::tests::context::sealed_context_is_exact_content_free_read_only_scoped_and_restart_stable ... ok
test product_control::storage::tests::control_store_has_one_owner_and_rejects_wrong_store_identity_after_release ... ok
test product_control::storage::tests::exact_receipt_survives_later_mutation_and_reopen_without_reapplying_old_state ... ok
test product_control::storage::tests::files::confirmed_file_round_trips_restart_and_only_exact_included_context_is_admitted ... ok
test product_control::storage::tests::goal::legacy_tool_identity_fails_closed_without_a_v2_replay_debit ... ok
test product_control::storage::tests::goal::tool_sequence_identity_is_scoped_to_role_and_loop_invocation_with_exact_replay ... ok
test product_control::storage::tests::images::context_reports_original_image_digest_and_distinguishes_sealed_inclusion_from_deselection ... ok
test product_control::storage::tests::images::image_import_requires_exact_decoded_bytes_and_replays_with_its_artifact_after_restart ... ok
test product_control::storage::tests::images::image_selection_and_caption_queue_changes_fence_captured_requests_without_changing_old_bytes ... ok
test product_control::storage::tests::images::missing_changed_or_separately_published_image_bytes_fail_closed_on_replay ... ok
test product_control::storage::tests::images::preview::exact_preview_and_image_publish_together_and_replay_after_restart ... ok
test product_control::storage::tests::images::preview::failed_preview_publication_leaves_no_image_input_or_receipt ... ok
test product_control::storage::tests::images::preview::missing_changed_or_separately_published_consent_fails_closed ... ok
test product_control::storage::tests::images::request_rejects_omitted_extra_or_changed_images_and_seals_exact_selection ... ok
test product_control::storage::tests::request_artifact_disk_full_leaves_inputs_pending_and_publishes_no_archive ... ok
test product_control::storage::tests::reservations::prepared_restore_reserves_child_until_exact_publication_even_after_reopen ... ok
test product_control::storage::tests::sqlite_full_never_acknowledges_or_publishes_a_partial_control_transition ... ok
test product_control::storage::tests::stale_revision_and_changed_payload_reject_without_receipt_or_state_change ... ok
test product_control::storage::tests::withdrawal_and_incorporation_cas_have_one_winner_and_replay_preserves_exact_binding ... ok
test product_run::conversation::tests::only_user_followups_advance_revision_and_agent_messages_wait_for_a_reply ... ok
test product_run::deliverable::tests::candidate_action_rejects_a_workspace_that_no_longer_matches_its_digest ... ok
test product_run::deliverable::tests::commit_excludes_an_unrelated_pre_staged_change ... [master fb0620a] peritus: finish the game
 1 file changed, 1 insertion(+), 1 deletion(-)
ok
test product_run::deliverable::tests::export_and_discard_are_limited_to_exact_deliverable_paths ... ok
test product_run::deliverable::tests::repeated_user_action_is_idempotent ... ok
test product_run::deliverable::tests::restart_marks_changed_candidate_evidence_stale ... ok
test product_run::interaction::narration::tests::chat_start_does_not_claim_implementation ... ok
test product_run::interaction::narration::tests::repeated_waits_preserve_the_conversation_and_update_one_notice ... ok
test product_run::interaction::tool_activity::tests::command_is_visible_before_completion_and_same_entry_gains_real_output ... ok
test product_run::interaction::tool_activity::tests::previews_bound_unicode_and_omit_bodies_and_recognizable_credentials ... ok
test product_run::interaction::tool_activity::tests::rejected_commands_and_background_handles_do_not_claim_completed_success ... ok
test product_run::permissions::tests::rewind_permissions_distinguish_logical_and_filesystem_effects ... ok
test product_run::persistence::interaction::tests::missing_efforts_preserves_legacy_default_and_unknown_values_reject ... ok
test product_run::persistence::interaction::tests::mixed_role_efforts_roundtrip_without_changing_model_provenance_or_activities ... ok
test product_run::persistence::settlement::tests::checkpoint_and_settlement_round_trip_without_losing_evidence ... ok
test product_run::persistence::tests::cancelled_record_can_be_transformed_for_safe_legacy_downgrade ... ok
test product_run::persistence::tests::cancelled_recovery_record_does_not_become_automatically_resumable ... ok
test product_run::persistence::tests::candidate_qualification_is_independent_from_user_disposition ... ok
test product_run::persistence::tests::durable_finding_state_survives_record_restoration ... ok
test product_run::persistence::tests::legacy_deliverable_without_qualification_migrates_as_qualified ... ok
test product_run::persistence::tests::legacy_run_without_messages_gains_a_resumable_conversation ... ok
test product_run::persistence::tests::restart_restores_each_resumable_phase_and_preserves_completed_writer_state ... ok
test product_run::progress::tests::live_status_distinguishes_silence_from_failure ... ok
test product_run::tests::cancellation_during_review_keeps_the_candidate_actionable ... ok
test product_run::tests::candidate_can_continue_through_the_daemon_and_be_accepted ... ok
test product_run::tests::candidate_retry_resumes_review_without_repeating_design_or_writing ... ok
test product_run::tests::catalog::discovery_cache_retains_provenance_and_failed_refresh_never_becomes_fresh ... ok
test product_run::tests::changed_requirements_continuation_has_a_wire_safe_response_and_retains_the_candidate ... ok
test product_run::tests::doctor::diagnostics_do_not_consume_provider_responses_or_mutate_files_or_runs ... ok
test product_run::tests::folder::folder_trust_and_read_only_modes_are_enforced_in_the_daemon ... ok
test product_run::tests::folder::git_candidate_delivery_is_rejected_before_admitting_a_folder_run ... ok
test product_run::tests::folder::greeting_in_a_non_git_home_shaped_folder_needs_no_baseline_or_scan ... ok
test product_run::tests::folder::pipeline::a_question_about_interrupted_folder_work_preserves_its_continuation_without_running_it ... ok
test product_run::tests::folder::pipeline::cancellation_during_folder_review_retains_effects_without_qualification_or_controls ... ok
test product_run::tests::folder::pipeline::completed_followup_uses_a_new_in_place_baseline ... ok
test product_run::tests::folder::pipeline::folder_effort_selection_follows_writer_reviewer_fixer_and_fresh_review ... ok
test product_run::tests::folder::pipeline::folder_provider_failure_retains_unqualified_effects_and_durable_retry_reuses_the_pipeline ... ok
test product_run::tests::folder::pipeline::unsupported_folder_checks_do_not_become_success_from_clean_reviewer_prose ... ok
test product_run::tests::folder::requested_command_runs_in_the_original_folder_with_daemon_owned_processes ... ok
test product_run::tests::folder::requested_edits_land_in_the_original_folder_and_cannot_overwrite_private_state ... ok
test product_run::tests::healing::healed_tool_arguments_keep_schema_validation_and_durable_private_provenance ... ok
test product_run::tests::interaction::a_question_finishes_without_design_or_workspace_changes_and_restores_durably ... ok
test product_run::tests::interaction::chat_hands_off_to_the_existing_pipeline_with_the_selected_independent_reviewer ... ok
test product_run::tests::interaction::follow_up_admitted_at_finalization_is_processed_once ... ok
test product_run::tests::interaction::interactive_build_narrates_stages_without_changing_terminal_contracts ... ok
test product_run::tests::interaction::public_start_message_is_visible_before_a_stalled_provider_finishes ... ok
test product_run::tests::interaction::read_only::planning_and_review_cannot_execute_a_provider_requested_write ... ok
test product_run::tests::model_selection::active_effort_selection_reaches_next_turn_and_survives_reload_for_each_execution_mode ... ok
test product_run::tests::model_selection::active_selection_changes_the_next_request_without_restarting_or_losing_context ... ok
test product_run::tests::recovery::abrupt_cancel_child_fixture ... ignored, subprocess fixture; invoked by abrupt_cancel_survives_process_termination
test product_run::tests::recovery::abrupt_cancel_survives_process_termination ... ok
test product_run::tests::recovery::accepted_result_stays_complete_when_shutdown_follows_late_cancellation ... ok
test product_run::tests::recovery::persistence_faults::explicit_cancel_racing_shutdown_remains_cancelled_in_durable_state ... ok
test product_run::tests::recovery::persistence_faults::product_record_fault_boundaries_preserve_an_old_or_complete_new_record ... ok
test product_run::tests::recovery::persistence_faults::repeated_failed_recovery_admission_does_not_duplicate_restart_narration ... ok
test product_run::tests::recovery::restart::daemon_restart_automatically_resumes_writer_and_accepts_its_new_effect ... ok
test product_run::tests::recovery::restart::explicitly_cancelled_writer_stays_stopped_after_daemon_restart ... ok
test product_run::tests::workbench::admission::failed_run_staging_preserves_the_pending_queue_and_does_not_call_a_provider ... ok
test product_run::tests::workbench::admission::governed_queue_reaches_real_runner_and_exact_binding_survives_fenced_restart ... ok
test product_run::tests::workbench::admission::governed_textual_image_mentions_do_not_discover_or_cache_ambient_workspace_images ... ok
test product_run::tests::workbench::checkpoints::actual_c1_indeterminate_error_remains_prepared_for_authorized_reconciliation ... ok
test product_run::tests::workbench::checkpoints::applied_folder_patch_before_settlement_recovers_as_applied_idempotently ... ok
test product_run::tests::workbench::checkpoints::checkpoint_owned_edit_preview_and_restore_round_trip_exact_bytes_and_journal ... ok
test product_run::tests::workbench::checkpoints::combined_rewind_conflict_never_publishes_a_child ... ok
test product_run::tests::workbench::checkpoints::combined_rewind_publishes_historical_branch_only_after_files_settle ... ok
test product_run::tests::workbench::checkpoints::combined_rewind_recovers_completed_files_before_publishing_branch ... ok
test product_run::tests::workbench::checkpoints::conversation_rewind_preserves_independent_files_and_works_without_write_permission ... ok
test product_run::tests::workbench::checkpoints::independent_user_edit_is_a_conflict_and_preserves_every_current_byte ... ok
test product_run::tests::workbench::checkpoints::prepared_restore_before_c1_recovers_as_safe_no_effect_conflict ... ok
test product_run::tests::workbench::files::file_snapshot_and_refresh_modes_deliver_the_right_version_through_the_real_runner ... ok
test product_run::tests::workbench::goals::configured_goal_request_budget_stops_before_a_second_provider_call ... ok
test product_run::tests::workbench::goals::persistent_goal_starts_real_provider_work_pauses_durably_and_resumes_same_run ... ok
test product_run::tests::workbench::images::governed_image_reaches_the_real_runner_and_text_only_provider_never_receives_a_request ... ok
test product_run::tests::workbench::images::page::retained_image_pages_cover_more_than_one_page_at_one_exact_revision ... ok
test product_run::tests::workbench::init::confirmed_init_preserves_existing_instructions_and_replays_without_scripts_or_reapplication ... ok
test product_run::tests::workbench::init::initialization_discovery_rechecks_read_permission_before_inspecting_the_folder ... ok
test product_run::tests::workbench::init::initialization_rechecks_effective_write_policy_before_committing_authority ... ok
test product_run::tests::workbench::library::allocated_isolated_fork_preserves_parent_and_starts_as_an_independent_draft ... ok
test product_run::tests::workbench::library::search::durable_library_search_and_metadata_navigation_never_invoke_a_provider ... ok
test product_run::tests::workbench::memory::saved_guidance_enters_future_provider_request_and_restart_tombstone_excludes_it ... ok
test product_run::tests::workbench::permissions::a_permission_change_cannot_grant_above_the_host_ceiling ... ok
test product_run::tests::workbench::permissions::narrowing_network_blocks_the_actual_provider_boundary_and_survives_restart ... ok
test product_run::tests::workbench::permissions::narrowing_process_blocks_a_direct_preview_before_receipt_or_launch ... ok
test product_run::tests::workbench::preview::daemon_preview_evidence_satisfies_only_the_graphical_goal_criterion ... ignored, requires Xvfb, xdotool, ImageMagick import, and Python Tk
test product_run::tests::workbench::review::review_service_rejects_stale_add_then_projects_and_rebinds_a_persisted_stale_hunk ... ok
test product_run::tests::workbench::review::selected_feedback_produces_a_read_only_reply_or_a_new_qualified_candidate ... ok
test product_run::tests::workbench::tetris::v1_image_build_and_controlled_tetris_playtest_preserve_exact_evidence ... ignored, requires Xvfb, xdotool, ImageMagick import, and Python Tk
test product_run::workbench::checkpoints::recovery::tests::postclassification_requires_unchanged_covered_paths_to_remain_at_checkpoint_bytes ... ok
test product_run::workbench::execution::tests::read_only_branch_execution_is_exactly_chat_and_governance_shaped ... ok
test product_run::workbench::launch::evidence::tests::capture_requires_delivered_input_before_pixels_and_a_later_check ... ok
test product_run::workbench::tests::accepting_an_exact_public_reply_creates_a_user_confirmed_brief_revision ... ok
test prompt::clock::tests::observations_retain_epoch_and_do_not_regress ... ok
test prompt::clock::tests::zero_epoch_is_rejected ... ok
test prompt::tests::abandoned_preparation_can_be_retried_exactly ... ok
test prompt::tests::cancellation_is_inert_until_its_target_settles ... ok
test prompt::tests::correlation_listing_is_exact_bounded_and_owner_scoped ... ok
test prompt::tests::durable_registration_preparation_is_inert_and_exact_replay_is_idempotent ... ok
test prompt::tests::only_terminal_prompts_can_be_retired ... ok
test prompt::tests::prepared_answer_remains_awaiting_until_durable_settlement ... ok
test shutdown::tests::bounds_preserve_exact_aggregate_reporting ... ok
test shutdown::tests::client_shutdown_reports_monotonic_exact_unclean_truth ... ok
test shutdown::tests::operating_system_shutdown_is_clean_without_synthetic_protocol_identity ... ok
test startup::plan::tests::checkpoint_prefix_retains_exact_digests_and_next_actions ... ok
test startup::plan::tests::every_kill_point_preserves_the_exact_restart_prefix ... ok
test startup::plan::tests::fixed_failpoint_set_tracks_both_boundaries_without_allocation ... ok
test startup::plan::tests::wrong_completion_is_typed_and_does_not_advance ... ok
test startup::registry::tests::exact_restart_is_idempotent ... ok
test startup::registry::tests::exact_successor_advances_registry ... ok
test startup::registry::tests::fresh_store_installs_configured_registry ... ok
test startup::registry::tests::non_successor_configuration_is_rejected_as_drift ... ok
test verified::tests::executable_readiness_predicates_match_the_closed_admission_matrix ... ok
test verified::tests::executable_startup_relation_admits_only_exact_successors ... ok
test worker::tests::cancellation_retains_and_delivers_the_first_reason ... ok
test worker::tests::durable_start_acknowledgement_precedes_worker_effect ... ok
test worker::tests::empty_shutdown_is_clean_and_immediate ... ok
test worker::tests::panic_is_normalized_to_a_redaction_safe_failure ... ok
test worker::tests::reap_and_result_draining_preserve_bounds_and_order ... ok
test worker::tests::rejects_duplicate_dispatch_and_active_task_capacity ... ok
test worker::tests::shutdown_reports_cooperative_cancellation_and_forced_abort_exactly ... ok

test result: ok. 178 passed; 0 failed; 3 ignored; 0 measured; 0 filtered out; finished in 111.65s

     Running unittests src/bin/peritusd.rs (/home/doll/Project-Peritus/.worktrees/formal-scheduler-gap3/target/debug/deps/peritusd-ce2168661e5e1e2d)

running 0 tests

test result: ok. 0 passed; 0 failed; 0 ignored; 0 measured; 0 filtered out; finished in 0.00s

     Running tests/daemon_conformance.rs (/home/doll/Project-Peritus/.worktrees/formal-scheduler-gap3/target/debug/deps/daemon_conformance-a4a070426f7b10bc)

running 19 tests
test artifact_commit_recovers_on_both_sides_of_publication ... ok
test corrupt_acceptance_evidence_is_quarantined_before_reuse ... ok
test corrupt_harness_activation_evidence_is_quarantined_without_pointer_mutation ... ok
test corrupt_journal_stops_fresh_startup_before_authority_mutation ... ok
test corrupt_projection_is_replaced_during_fresh_startup ... ok
test corrupt_referenced_artifact_is_quarantined_and_made_unavailable ... ok
test corrupt_snapshot_reference_is_quarantined_before_reuse ... ok
test dependency_death_and_retry_exhaustion_reconcile_real_owned_work ... ok
test every_publicly_reachable_daemon_case_passes_against_peritusd ... ok
test gate_commit_recovers_on_both_sides_of_atomic_checkpoint_install ... ok
test journal_append_plan_dies_cleanly_before_durable_commit ... ok
test journal_page_exhaustion_rolls_back_and_allows_fresh_inspection ... ok
test lease_commit_recovers_on_both_sides_of_durable_projection_install ... ok
test no_contract_case_remains_blocked_from_the_public_binary ... ok
test patch_commit_recovers_on_both_sides_of_durable_application ... ok
test promotion_commit_recovers_on_both_sides_of_atomic_activation ... ok
test public_coverage_inventory_partitions_the_complete_contract ... ok
test snapshot_commit_recovers_on_both_sides_of_retained_ref_publication ... ok
test snapshot_manifest_quota_releases_the_unpublished_reference ... ok

test result: ok. 19 passed; 0 failed; 0 ignored; 0 measured; 0 filtered out; finished in 6.79s

     Running tests/instance_ownership.rs (/home/doll/Project-Peritus/.worktrees/formal-scheduler-gap3/target/debug/deps/instance_ownership-626eaca3321fe17b)

running 1 test
test second_runtime_cannot_acquire_a_live_state_root ... ok

test result: ok. 1 passed; 0 failed; 0 ignored; 0 measured; 0 filtered out; finished in 0.06s

     Running tests/protocol_boundaries.rs (/home/doll/Project-Peritus/.worktrees/formal-scheduler-gap3/target/debug/deps/protocol_boundaries-540f3510a955f710)

running 4 tests
test clients_that_close_before_authentication_do_not_stop_the_daemon ... application connection terminated: PERITUS-DAEMON-IPC-001 during read application frame: authenticated local stream closed or failed
application connection terminated: PERITUS-DAEMON-IPC-001 during read application frame: authenticated local stream closed or failed
application connection terminated: PERITUS-DAEMON-IPC-001 during read application frame: authenticated local stream closed or failed
application connection terminated: PERITUS-DAEMON-IPC-001 during read application frame: authenticated local stream closed or failed
application connection terminated: PERITUS-DAEMON-IPC-001 during read application frame: authenticated local stream closed or failed
application connection terminated: PERITUS-DAEMON-IPC-001 during read application frame: authenticated local stream closed or failed
application connection terminated: PERITUS-DAEMON-IPC-001 during read application frame: authenticated local stream closed or failed
application connection terminated: PERITUS-DAEMON-IPC-001 during read application frame: authenticated local stream closed or failed
application connection terminated: PERITUS-DAEMON-IPC-001 during read application frame: authenticated local stream closed or failed
application connection terminated: PERITUS-DAEMON-IPC-001 during read application frame: authenticated local stream closed or failed
application connection terminated: PERITUS-DAEMON-IPC-001 during read application frame: authenticated local stream closed or failed
application connection terminated: PERITUS-DAEMON-IPC-001 during read application frame: authenticated local stream closed or failed
application connection terminated: PERITUS-DAEMON-IPC-001 during read application frame: authenticated local stream closed or failed
application connection terminated: PERITUS-DAEMON-IPC-001 during read application frame: authenticated local stream closed or failed
application connection terminated: PERITUS-DAEMON-IPC-001 during read application frame: authenticated local stream closed or failed
application connection terminated: PERITUS-DAEMON-IPC-001 during read application frame: authenticated local stream closed or failed
application connection terminated: PERITUS-DAEMON-IPC-001 during read application frame: authenticated local stream closed or failed
application connection terminated: PERITUS-DAEMON-IPC-001 during read application frame: authenticated local stream closed or failed
application connection terminated: PERITUS-DAEMON-IPC-001 during read application frame: authenticated local stream closed or failed
application connection terminated: PERITUS-DAEMON-IPC-001 during read application frame: authenticated local stream closed or failed
application connection terminated: PERITUS-DAEMON-IPC-001 during read application frame: authenticated local stream closed or failed
application connection terminated: PERITUS-DAEMON-IPC-001 during read application frame: authenticated local stream closed or failed
application connection terminated: PERITUS-DAEMON-IPC-001 during read application frame: authenticated local stream closed or failed
application connection terminated: PERITUS-DAEMON-IPC-001 during read application frame: authenticated local stream closed or failed
application connection terminated: PERITUS-DAEMON-IPC-001 during read application frame: authenticated local stream closed or failed
application connection terminated: PERITUS-DAEMON-IPC-001 during read application frame: authenticated local stream closed or failed
application connection terminated: PERITUS-DAEMON-IPC-001 during read application frame: authenticated local stream closed or failed
application connection terminated: PERITUS-DAEMON-IPC-001 during read application frame: authenticated local stream closed or failed
application connection terminated: PERITUS-DAEMON-IPC-001 during read application frame: authenticated local stream closed or failed
application connection terminated: PERITUS-DAEMON-IPC-001 during read application frame: authenticated local stream closed or failed
application connection terminated: PERITUS-DAEMON-IPC-001 during read application frame: authenticated local stream closed or failed
application connection terminated: PERITUS-DAEMON-IPC-001 during read application frame: authenticated local stream closed or failed
application connection terminated: PERITUS-DAEMON-WORKER-001 during communicate with authority owner: authority owner is no longer available
ok
test incompatible_hello_returns_no_session_and_closes_the_connection ... ok
test malformed_and_oversized_headers_close_without_waiting_for_declared_payloads ... application connection terminated: PERITUS-DAEMON-INPUT-001 during read application frame: PRTS frame magic is invalid
application connection terminated: PERITUS-DAEMON-INPUT-001 during decode application frame: application frame violates the negotiated protocol
application connection terminated: PERITUS-DAEMON-LIMIT-001 during read application frame: declared PRTS payload exceeds the pre-allocation bound
ok
test very_long_state_roots_use_standard_sockets_and_survive_early_closes ... application connection terminated: PERITUS-DAEMON-IPC-001 during read application frame: authenticated local stream closed or failed
application connection terminated: PERITUS-DAEMON-IPC-001 during read application frame: authenticated local stream closed or failed
application connection terminated: PERITUS-DAEMON-IPC-001 during read application frame: authenticated local stream closed or failed
application connection terminated: PERITUS-DAEMON-IPC-001 during read application frame: authenticated local stream closed or failed
application connection terminated: PERITUS-DAEMON-IPC-001 during read application frame: authenticated local stream closed or failed
application connection terminated: PERITUS-DAEMON-IPC-001 during read application frame: authenticated local stream closed or failed
application connection terminated: PERITUS-DAEMON-IPC-001 during read application frame: authenticated local stream closed or failed
application connection terminated: PERITUS-DAEMON-IPC-001 during read application frame: authenticated local stream closed or failed
application connection terminated: PERITUS-DAEMON-IPC-001 during read application frame: authenticated local stream closed or failed
application connection terminated: PERITUS-DAEMON-IPC-001 during read application frame: authenticated local stream closed or failed
application connection terminated: PERITUS-DAEMON-IPC-001 during read application frame: authenticated local stream closed or failed
application connection terminated: PERITUS-DAEMON-IPC-001 during read application frame: authenticated local stream closed or failed
application connection terminated: PERITUS-DAEMON-IPC-001 during read application frame: authenticated local stream closed or failed
application connection terminated: PERITUS-DAEMON-IPC-001 during read application frame: authenticated local stream closed or failed
application connection terminated: PERITUS-DAEMON-IPC-001 during read application frame: authenticated local stream closed or failed
application connection terminated: PERITUS-DAEMON-IPC-001 during read application frame: authenticated local stream closed or failed
application connection terminated: PERITUS-DAEMON-IPC-001 during read application frame: authenticated local stream closed or failed
application connection terminated: PERITUS-DAEMON-IPC-001 during read application frame: authenticated local stream closed or failed
application connection terminated: PERITUS-DAEMON-IPC-001 during read application frame: authenticated local stream closed or failed
application connection terminated: PERITUS-DAEMON-IPC-001 during read application frame: authenticated local stream closed or failed
application connection terminated: PERITUS-DAEMON-IPC-001 during read application frame: authenticated local stream closed or failed
application connection terminated: PERITUS-DAEMON-IPC-001 during read application frame: authenticated local stream closed or failed
application connection terminated: PERITUS-DAEMON-IPC-001 during read application frame: authenticated local stream closed or failed
application connection terminated: PERITUS-DAEMON-IPC-001 during read application frame: authenticated local stream closed or failed
application connection terminated: PERITUS-DAEMON-IPC-001 during read application frame: authenticated local stream closed or failed
application connection terminated: PERITUS-DAEMON-IPC-001 during read application frame: authenticated local stream closed or failed
application connection terminated: PERITUS-DAEMON-IPC-001 during read application frame: authenticated local stream closed or failed
application connection terminated: PERITUS-DAEMON-IPC-001 during read application frame: authenticated local stream closed or failed
application connection terminated: PERITUS-DAEMON-IPC-001 during read application frame: authenticated local stream closed or failed
application connection terminated: PERITUS-DAEMON-IPC-001 during read application frame: authenticated local stream closed or failed
application connection terminated: PERITUS-DAEMON-IPC-001 during read application frame: authenticated local stream closed or failed
application connection terminated: PERITUS-DAEMON-IPC-001 during read application frame: authenticated local stream closed or failed
application connection terminated: PERITUS-DAEMON-WORKER-001 during communicate with authority owner: authority owner is no longer available
ok

test result: ok. 4 passed; 0 failed; 0 ignored; 0 measured; 0 filtered out; finished in 0.11s

     Running tests/recovery_shutdown.rs (/home/doll/Project-Peritus/.worktrees/formal-scheduler-gap3/target/debug/deps/recovery_shutdown-5d8769dca342dff5)

running 2 tests
test authenticated_shutdown_retains_the_exact_request_and_finishes_cleanly ... ok
test restart_resumes_the_durable_session_and_replays_the_exact_command_result ... ok

test result: ok. 2 passed; 0 failed; 0 ignored; 0 measured; 0 filtered out; finished in 0.11s

     Running tests/runtime.rs (/home/doll/Project-Peritus/.worktrees/formal-scheduler-gap3/target/debug/deps/runtime-c2c1f02c142b20e3)

running 18 tests
test doctor::doctor_requires_negotiation_and_reports_missing_prerequisites_without_starting_work ... application connection terminated: PERITUS-DAEMON-IPC-001 during read application frame: authenticated local stream closed or failed
ok
test runtime_accepts_authenticated_negotiation_and_status ... application connection terminated: PERITUS-DAEMON-IPC-001 during read application frame: authenticated local stream closed or failed
ok
test runtime_commits_and_replays_registered_scheduler_commands ... ok
test runtime_streams_uploaded_artifacts_through_the_durable_catalog ... ok
test strict_configuration_rejects_unknown_and_plaintext_authority_fields ... ok
test workbench::brief::brief_ipc_is_durable_feature_gated_and_retains_exact_held_sources_without_execution ... application connection terminated: PERITUS-DAEMON-IPC-001 during read application frame: authenticated local stream closed or failed
ok
test workbench::context_inspection::context_ipc_is_feature_gated_content_free_and_restart_stable_without_execution ... application connection terminated: PERITUS-DAEMON-IPC-001 during read application frame: authenticated local stream closed or failed
ok
test workbench::control_negotiation_exact_receipts_and_stale_edits_survive_daemon_restart ... application connection terminated: PERITUS-DAEMON-IPC-001 during read application frame: authenticated local stream closed or failed
ok
test workbench::files::external_text_upload_preview_confirm_and_restart_never_reopen_the_source_label ... ok
test workbench::files::file_confirmation_restart_replay_and_deselection_remain_local ... ok
test workbench::images::image_upload_preview_confirm_and_exact_receipt_replay_survive_provider_revision_change ... ok
test workbench::images::page::image_inspection_exposes_exact_metadata_and_persistent_selection_without_inference ... ok
test workbench::images::rejections::corrupt_pixels_wrong_mime_and_foreign_conversation_never_produce_a_preview ... ok
test workbench::images::rejections::forged_preview_and_mismatched_outer_revision_reject_without_consuming_the_image ... ok
test workbench::images::rejections::provider_revision_change_invalidates_unconfirmed_preview_but_allows_a_fresh_preview ... ok
test workbench::images::rejections::unnegotiated_image_controls_reject_before_upload_or_preview_dispatch ... application connection terminated: PERITUS-DAEMON-IPC-001 during read application frame: authenticated local stream closed or failed
ok
test workbench::integrated::all_workbench_features_init_and_checkpoint_round_trip_over_authenticated_ipc ... application connection terminated: PERITUS-DAEMON-IPC-001 during read application frame: authenticated local stream closed or failed
ok
test workbench::queue::queue_mutations_are_durable_and_feature_gated_and_never_start_execution ... application connection terminated: PERITUS-DAEMON-IPC-001 during read application frame: authenticated local stream closed or failed
ok

test result: ok. 18 passed; 0 failed; 0 ignored; 0 measured; 0 filtered out; finished in 1.27s

PASS	peritus-daemon	H
BEGIN	peritus-debugger	H	cargo test --package peritus-debugger --all-targets --all-features --locked
   Compiling rustix v1.1.4
   Compiling linux-raw-sys v0.12.1
   Compiling fs4 v1.1.0
   Compiling peritus-artifact-store v0.0.2 (/tmp/gap3-pcr7-inventory-candidate/crates/state/peritus-artifact-store)
   Compiling peritus-journal v0.0.2 (/tmp/gap3-pcr7-inventory-candidate/crates/state/peritus-journal)
   Compiling tokio v1.53.1
   Compiling tokio-util v0.7.19
   Compiling fs-set-times v0.20.3
   Compiling peritus-projection v0.0.2 (/tmp/gap3-pcr7-inventory-candidate/crates/state/peritus-projection)
   Compiling rustix-linux-procfs v0.1.1
   Compiling cap-primitives v4.0.3
   Compiling nix v0.31.3
   Compiling h2 v0.4.19
   Compiling thiserror-impl v1.0.69
   Compiling tempfile v3.27.0
   Compiling thiserror v1.0.69
   Compiling serde v1.0.229
   Compiling hyper v1.11.0
   Compiling cap-std v4.0.3
   Compiling peritus-evidence v0.0.2 (/tmp/gap3-pcr7-inventory-candidate/crates/state/peritus-evidence)
   Compiling hyper-util v0.1.20
   Compiling tower v0.5.3
   Compiling cap-fs-ext v4.0.3
   Compiling filedescriptor v0.8.3
   Compiling tokio-rustls v0.26.4
   Compiling peritus-tool-protocol v0.0.2 (/tmp/gap3-pcr7-inventory-candidate/crates/tools/peritus-tool-protocol)
   Compiling peritus-git v0.0.2 (/tmp/gap3-pcr7-inventory-candidate/crates/runtime/peritus-git)
   Compiling peritus-patch v0.0.2 (/tmp/gap3-pcr7-inventory-candidate/crates/runtime/peritus-patch)
   Compiling portable-pty v0.9.0
   Compiling peritus-workspace v0.0.2 (/tmp/gap3-pcr7-inventory-candidate/crates/runtime/peritus-workspace)
   Compiling peritus-tool-router v0.0.2 (/tmp/gap3-pcr7-inventory-candidate/crates/tools/peritus-tool-router)
   Compiling hyper-rustls v0.27.9
   Compiling process-wrap v9.1.0
   Compiling tower-http v0.6.11
   Compiling peritus-sandbox v0.0.2 (/tmp/gap3-pcr7-inventory-candidate/crates/runtime/peritus-sandbox)
   Compiling peritus-process v0.0.2 (/tmp/gap3-pcr7-inventory-candidate/crates/runtime/peritus-process)
   Compiling reqwest v0.13.4
   Compiling peritus-model-protocol v0.0.2 (/tmp/gap3-pcr7-inventory-candidate/crates/model/peritus-model-protocol)
   Compiling peritus-provider-core v0.0.2 (/tmp/gap3-pcr7-inventory-candidate/crates/model/peritus-provider-core)
   Compiling peritus-tools-quality v0.0.2 (/tmp/gap3-pcr7-inventory-candidate/crates/tools/peritus-tools-quality)
   Compiling peritus-scheduler v0.0.2 (/tmp/gap3-pcr7-inventory-candidate/crates/orchestration/peritus-scheduler)
   Compiling peritus-obligations v0.0.2 (/tmp/gap3-pcr7-inventory-candidate/crates/orchestration/peritus-obligations)
   Compiling peritus-agent v0.0.2 (/tmp/gap3-pcr7-inventory-candidate/crates/orchestration/peritus-agent)
   Compiling peritus-gates v0.0.2 (/tmp/gap3-pcr7-inventory-candidate/crates/orchestration/peritus-gates)
   Compiling peritus-collaboration v0.0.2 (/tmp/gap3-pcr7-inventory-candidate/crates/orchestration/peritus-collaboration)
   Compiling peritus-review v0.0.2 (/tmp/gap3-pcr7-inventory-candidate/crates/orchestration/peritus-review)
   Compiling peritus-orchestrator v0.0.2 (/tmp/gap3-pcr7-inventory-candidate/crates/orchestration/peritus-orchestrator)
   Compiling peritus-harness v0.0.2 (/tmp/gap3-pcr7-inventory-candidate/crates/orchestration/peritus-harness)
   Compiling peritus-trace v0.0.2 (/tmp/gap3-pcr7-inventory-candidate/crates/observe/peritus-trace)
   Compiling peritus-test-support v0.0.2 (/tmp/gap3-pcr7-inventory-candidate/crates/app/testing/peritus-test-support)
   Compiling peritus-debugger v0.0.2 (/tmp/gap3-pcr7-inventory-candidate/crates/analysis/peritus-debugger)
    Finished `test` profile [unoptimized + debuginfo] target(s) in 1m 01s
     Running unittests src/lib.rs (/home/doll/Project-Peritus/.worktrees/formal-scheduler-gap3/target/debug/deps/peritus_debugger-944e930f3b5fcc74)

running 5 tests
test model::runner::tests::cancellation_and_event_budget_stop_before_admission ... ok
test model::runner::tests::malformed_stream_and_provider_failure_are_retryable_protocol_errors ... ok
test model::runner::tests::output_shape_and_schema_fail_closed ... ok
test model::runner::tests::strict_structured_proposal_is_the_only_success_shape ... ok
test runtime::publication::tests::staged_report_and_pre_admitted_evidence_reconcile_to_one_publication ... ok

test result: ok. 5 passed; 0 failed; 0 ignored; 0 measured; 0 filtered out; finished in 0.03s

     Running tests/domain_primitives.rs (/home/doll/Project-Peritus/.worktrees/formal-scheduler-gap3/target/debug/deps/domain_primitives-2c14209e35fe25dc)

running 12 tests
test artifact_ranges_are_nonempty_half_open ... ok
test confidence_retains_counters_and_never_implies_acceptance ... ok
test limits_only_tighten_and_fit_c0_b3_boundaries ... ok
test nominal_identity_rejects_zero_and_derives_deterministically ... ok
test refinement_bounded_analysis ... ok
test refinement_citation_containment ... ok
test refinement_non_authority ... ok
test refinement_replay_equivalence ... ok
test refinement_report_validity ... ok
test refinement_selection_containment ... ok
test taxonomy_is_complete_unique_and_strict ... ok
test unsupported_claim_retains_only_digest_and_reason ... ok

test result: ok. 12 passed; 0 failed; 0 ignored; 0 measured; 0 filtered out; finished in 0.00s

     Running tests/durability_journal.rs (/home/doll/Project-Peritus/.worktrees/formal-scheduler-gap3/target/debug/deps/durability_journal-93ce8991b603a3d6)

running 4 tests
test absent_job_has_no_phantom_checkpoint_or_history ... ok
test commit_is_idempotent_and_replay_matches_the_atomic_checkpoint ... ok
test model_outbox_start_and_failure_settlement_share_one_claim_fence ... ok
test reused_command_identity_with_different_content_is_rejected ... ok

test result: ok. 4 passed; 0 failed; 0 ignored; 0 measured; 0 filtered out; finished in 0.02s

     Running tests/durability_reducer.rs (/home/doll/Project-Peritus/.worktrees/formal-scheduler-gap3/target/debug/deps/durability_reducer-bc1cee84965f34cb)

running 3 tests
test cancellation_is_terminal_and_wins_before_effect_execution ... ok
test report_recovery_distinguishes_staging_commit_admission_and_settlement ... ok
test retry_is_a_separate_bounded_transition_and_recovery_action ... ok

test result: ok. 3 passed; 0 failed; 0 ignored; 0 measured; 0 filtered out; finished in 0.00s

     Running tests/model_validation.rs (/home/doll/Project-Peritus/.worktrees/formal-scheduler-gap3/target/debug/deps/model_validation-a6c97f93371036a5)

running 3 tests
test strict_schema_is_stable_parseable_and_closed ... ok
test v1_fixture_digest_manifest_matches_exact_bytes ... ok
test v1_proposal_fixtures_are_bounded_canonical_json ... ok

test result: ok. 3 passed; 0 failed; 0 ignored; 0 measured; 0 filtered out; finished in 0.00s

     Running tests/production_conformance.rs (/home/doll/Project-Peritus/.worktrees/formal-scheduler-gap3/target/debug/deps/production_conformance-ea5fd263e5bc7556)

running 1 test
test production_debugger_passes_all_thirteen_a2_cases ... ok

test result: ok. 1 passed; 0 failed; 0 ignored; 0 measured; 0 filtered out; finished in 0.00s

     Running tests/replay_wire.rs (/home/doll/Project-Peritus/.worktrees/formal-scheduler-gap3/target/debug/deps/replay_wire-31e905eeace1eaa3)

running 4 tests
test event_replay_reconstructs_the_exact_successor_chain ... ok
test families_82_83_and_84_round_trip_through_semantic_checks ... ok
test frozen_family_corpus_matches_exact_canonical_bytes ... ok
test wire_rejects_corruption_instead_of_partially_activating_it ... ok

test result: ok. 4 passed; 0 failed; 0 ignored; 0 measured; 0 filtered out; finished in 0.00s

PASS	peritus-debugger	H
BEGIN	peritus-eval	H	cargo test --package peritus-eval --all-targets --all-features --locked
   Compiling syn v3.0.3
   Compiling peritus-artifact-store v0.0.2 (/tmp/gap3-pcr7-inventory-candidate/crates/state/peritus-artifact-store)
   Compiling peritus-journal v0.0.2 (/tmp/gap3-pcr7-inventory-candidate/crates/state/peritus-journal)
   Compiling serde_derive v1.0.229
   Compiling serde v1.0.229
   Compiling peritus-projection v0.0.2 (/tmp/gap3-pcr7-inventory-candidate/crates/state/peritus-projection)
   Compiling peritus-git v0.0.2 (/tmp/gap3-pcr7-inventory-candidate/crates/runtime/peritus-git)
   Compiling peritus-patch v0.0.2 (/tmp/gap3-pcr7-inventory-candidate/crates/runtime/peritus-patch)
   Compiling peritus-workspace v0.0.2 (/tmp/gap3-pcr7-inventory-candidate/crates/runtime/peritus-workspace)
   Compiling peritus-evidence v0.0.2 (/tmp/gap3-pcr7-inventory-candidate/crates/state/peritus-evidence)
   Compiling peritus-scheduler v0.0.2 (/tmp/gap3-pcr7-inventory-candidate/crates/orchestration/peritus-scheduler)
   Compiling peritus-harness v0.0.2 (/tmp/gap3-pcr7-inventory-candidate/crates/orchestration/peritus-harness)
   Compiling peritus-model-protocol v0.0.2 (/tmp/gap3-pcr7-inventory-candidate/crates/model/peritus-model-protocol)
   Compiling tokio-macros v2.7.2
   Compiling tokio v1.53.1
   Compiling tempfile v3.27.0
   Compiling peritus-test-support v0.0.2 (/tmp/gap3-pcr7-inventory-candidate/crates/app/testing/peritus-test-support)
   Compiling peritus-eval v0.0.2 (/tmp/gap3-pcr7-inventory-candidate/crates/analysis/peritus-eval)
    Finished `test` profile [unoptimized + debuginfo] target(s) in 31.92s
     Running unittests src/lib.rs (/home/doll/Project-Peritus/.worktrees/formal-scheduler-gap3/target/debug/deps/peritus_eval-823a976a1ba79f1e)

running 0 tests

test result: ok. 0 passed; 0 failed; 0 ignored; 0 measured; 0 filtered out; finished in 0.00s

     Running tests/accounting_properties.rs (/home/doll/Project-Peritus/.worktrees/formal-scheduler-gap3/target/debug/deps/accounting_properties-de4252a0bde7fd5f)

running 2 tests
test exact_duplicates_are_idempotent_and_conflicting_terminals_quarantine ... ok
test ledger_conserves_every_expected_rollout_and_retains_attempts ... ok

test result: ok. 2 passed; 0 failed; 0 ignored; 0 measured; 0 filtered out; finished in 0.00s

     Running tests/cancellation.rs (/home/doll/Project-Peritus/.worktrees/formal-scheduler-gap3/target/debug/deps/cancellation-0812436817ab5ec5)

running 1 test
test cancellation_waits_for_each_external_rollout_before_terminal_completion ... ok

test result: ok. 1 passed; 0 failed; 0 ignored; 0 measured; 0 filtered out; finished in 0.00s

     Running tests/dataset_profile.rs (/home/doll/Project-Peritus/.worktrees/formal-scheduler-gap3/target/debug/deps/dataset_profile-410bc30b08421af7)

running 4 tests
test canonical_dataset_is_reproducible_and_keeps_evaluator_roots_sealed ... ok
test cross_corpus_candidate_evaluator_collision_is_rejected ... ok
test extended_provider_snapshot_binds_supported_and_unknown_reasoning_replay ... ok
test frozen_profile_and_plan_inputs_are_stable ... ok

test result: ok. 4 passed; 0 failed; 0 ignored; 0 measured; 0 filtered out; finished in 0.00s

     Running tests/durability_effects.rs (/home/doll/Project-Peritus/.worktrees/formal-scheduler-gap3/target/debug/deps/durability_effects-e3acf0f5c1a5fbb0)

running 1 test
test cancellation_settlement_atomically_acknowledges_the_existing_effect_and_restarts ... ok

test result: ok. 1 passed; 0 failed; 0 ignored; 0 measured; 0 filtered out; finished in 0.02s

     Running tests/durability_restart.rs (/home/doll/Project-Peritus/.worktrees/formal-scheduler-gap3/target/debug/deps/durability_restart-eeac4be333d0385f)

running 1 test
test genesis_commit_is_idempotent_and_restart_replay_matches_checkpoint ... ok

test result: ok. 1 passed; 0 failed; 0 ignored; 0 measured; 0 filtered out; finished in 0.01s

     Running tests/execution_isolation.rs (/home/doll/Project-Peritus/.worktrees/formal-scheduler-gap3/target/debug/deps/execution_isolation-a4133ba935a5e381)

running 3 tests
test candidate_failure_is_infrastructure_and_skips_evaluator ... ok
test evaluator_outage_never_masquerades_as_task_failure ... ok
test evaluator_runs_only_after_finalized_candidate_output ... ok

test result: ok. 3 passed; 0 failed; 0 ignored; 0 measured; 0 filtered out; finished in 0.00s

     Running tests/planning_scheduling.rs (/home/doll/Project-Peritus/.worktrees/formal-scheduler-gap3/target/debug/deps/planning_scheduling-6a5eac48a52db3c7)

running 2 tests
test complete_plan_is_deterministic_and_pair_seeds_match ... ok
test planned_rollout_builds_exact_d3_coordination_work ... ok

test result: ok. 2 passed; 0 failed; 0 ignored; 0 measured; 0 filtered out; finished in 0.00s

     Running tests/production_conformance.rs (/home/doll/Project-Peritus/.worktrees/formal-scheduler-gap3/target/debug/deps/production_conformance-93d34e87d302c314)

running 1 test
test production_evaluation_satisfies_the_complete_a2_catalog ... ok

test result: ok. 1 passed; 0 failed; 0 ignored; 0 measured; 0 filtered out; finished in 0.02s

     Running tests/publication_integration.rs (/home/doll/Project-Peritus/.worktrees/formal-scheduler-gap3/target/debug/deps/publication_integration-757e00bd00231307)

running 1 test
test complete_campaign_publishes_evidence_and_replays_without_duplicate_effects ... ok

test result: ok. 1 passed; 0 failed; 0 ignored; 0 measured; 0 filtered out; finished in 0.08s

     Running tests/replay_wire.rs (/home/doll/Project-Peritus/.worktrees/formal-scheduler-gap3/target/debug/deps/replay_wire-b3e15e3df973f72d)

running 2 tests
test families_85_86_and_87_round_trip_through_semantic_checks ... ok
test frozen_wire_corpus_is_byte_exact_and_malformed_frames_reject ... ok

test result: ok. 2 passed; 0 failed; 0 ignored; 0 measured; 0 filtered out; finished in 0.00s

     Running tests/report_analysis.rs (/home/doll/Project-Peritus/.worktrees/formal-scheduler-gap3/target/debug/deps/report_analysis-806e153f686a15c6)

running 2 tests
test complete_ledger_produces_deterministic_non_authoritative_report ... ok
test incomplete_ledger_cannot_begin_analysis ... ok

test result: ok. 2 passed; 0 failed; 0 ignored; 0 measured; 0 filtered out; finished in 0.00s

     Running tests/statistics_vectors.rs (/home/doll/Project-Peritus/.worktrees/formal-scheduler-gap3/target/debug/deps/statistics_vectors-bbc8a158717061f7)

running 3 tests
test paired_bootstrap_and_sign_diagnostic_are_reproducible ... ok
test pass_at_k_matches_exact_combinatorial_edges ... ok
test wilson_distribution_and_stability_retain_raw_inputs ... ok

test result: ok. 3 passed; 0 failed; 0 ignored; 0 measured; 0 filtered out; finished in 0.01s

     Running tests/verified_refinement.rs (/home/doll/Project-Peritus/.worktrees/formal-scheduler-gap3/target/debug/deps/verified_refinement-8b2cd51614b34a9f)

running 2 tests
test accounting_and_statistical_preconditions_match_runtime_boundaries ... ok
test frozen_ledger_transition_replay_and_non_authority_roots_are_exact_conjunctions ... ok

test result: ok. 2 passed; 0 failed; 0 ignored; 0 measured; 0 filtered out; finished in 0.00s

PASS	peritus-eval	H
BEGIN	peritus-evidence	H	cargo test --package peritus-evidence --all-targets --all-features --locked
   Compiling peritus-evidence v0.0.2 (/tmp/gap3-pcr7-inventory-candidate/crates/state/peritus-evidence)
    Finished `test` profile [unoptimized + debuginfo] target(s) in 1.96s
     Running unittests src/lib.rs (/home/doll/Project-Peritus/.worktrees/formal-scheduler-gap3/target/debug/deps/peritus_evidence-8ec7a38e796f8f36)

running 1 test
test provenance::tests::scheduler_schema_digests_cover_supported_versions_only ... ok

test result: ok. 1 passed; 0 failed; 0 ignored; 0 measured; 0 filtered out; finished in 0.00s

     Running tests/admission.rs (/home/doll/Project-Peritus/.worktrees/formal-scheduler-gap3/target/debug/deps/admission-df03db84cd3b4a5f)

running 6 tests
test canonical_older_ancestry_is_admitted_and_future_causality_is_rejected ... ok
test durable_catalog_corruption_is_detected_on_reopen ... ok
test exact_retry_after_journal_advance_returns_original_record ... ok
test missing_and_corrupt_artifact_bytes_are_rejected ... ok
test nonexistent_cause_and_identity_conflict_are_rejected_without_partial_rows ... ok
test valid_admission_is_atomic_idempotent_and_survives_restart ... ok

test result: ok. 6 passed; 0 failed; 0 ignored; 0 measured; 0 filtered out; finished in 0.09s

     Running tests/bundle.rs (/home/doll/Project-Peritus/.worktrees/formal-scheduler-gap3/target/debug/deps/bundle-aaa8549aeecf56a5)

running 2 tests
test deterministic_streaming_bundle_reverifies_offline_and_after_restart ... ok
test offline_verification_rejects_corruption_truncation_and_trailing_bytes ... ok

test result: ok. 2 passed; 0 failed; 0 ignored; 0 measured; 0 filtered out; finished in 0.03s

     Running tests/domain.rs (/home/doll/Project-Peritus/.worktrees/formal-scheduler-gap3/target/debug/deps/domain-0580457c513af347)

running 2 tests
test drafts_links_and_invalidations_enforce_structural_invariants ... ok
test stable_tags_reject_noncanonical_spellings ... ok

test result: ok. 2 passed; 0 failed; 0 ignored; 0 measured; 0 filtered out; finished in 0.00s

     Running tests/freshness.rs (/home/doll/Project-Peritus/.worktrees/formal-scheduler-gap3/target/debug/deps/freshness-7aff9bb7c7c1a903)

running 3 tests
test every_revision_tuple_component_drifts_independently ... ok
test explicit_later_invalidation_is_durable_and_dominates_revision_freshness ... ok
test revision_digest_matches_the_journal_canonical_tuple_encoding ... ok

test result: ok. 3 passed; 0 failed; 0 ignored; 0 measured; 0 filtered out; finished in 0.03s

PASS	peritus-evidence	H
BEGIN	peritus-evolution	H	cargo test --package peritus-evolution --all-targets --all-features --locked
   Compiling peritus-eval v0.0.2 (/tmp/gap3-pcr7-inventory-candidate/crates/analysis/peritus-eval)
   Compiling peritus-evolution v0.0.2 (/tmp/gap3-pcr7-inventory-candidate/crates/analysis/peritus-evolution)
    Finished `test` profile [unoptimized + debuginfo] target(s) in 11.84s
     Running unittests src/lib.rs (/home/doll/Project-Peritus/.worktrees/formal-scheduler-gap3/target/debug/deps/peritus_evolution-f4407f7ccc6846b8)

running 5 tests
test change::manifest::tests::citation_limit_applies_to_the_whole_manifest ... ok
test qualification::promotion::setup::tests::qualification_campaign_genesis_round_trips_canonical_wire ... ok
test selection::tests::executable_change_requires_review_even_without_a_policy_kind ... ok
test selection::tests::failed_and_unavailable_rejection_sections_have_distinct_digests ... ok
test selection::tests::selection_rejects_assessment_from_another_policy ... ok

test result: ok. 5 passed; 0 failed; 0 ignored; 0 measured; 0 filtered out; finished in 0.00s

     Running tests/attribution_selection.rs (/home/doll/Project-Peritus/.worktrees/formal-scheduler-gap3/target/debug/deps/attribution_selection-a56c1fdeb59e8183)

running 2 tests
test duplicate_objectives_are_rejected_and_unavailable_denies ... ok
test frozen_objective_order_is_policy_order_not_enum_order ... ok

test result: ok. 2 passed; 0 failed; 0 ignored; 0 measured; 0 filtered out; finished in 0.00s

     Running tests/domain_campaign.rs (/home/doll/Project-Peritus/.worktrees/formal-scheduler-gap3/target/debug/deps/domain_campaign-c49b3b8d66178d48)

running 2 tests
test command_constructor_rejects_a_head_without_sequence ... ok
test only_truthful_campaign_outcomes_are_terminal ... ok

test result: ok. 2 passed; 0 failed; 0 ignored; 0 measured; 0 filtered out; finished in 0.00s

     Running tests/durability_restart.rs (/home/doll/Project-Peritus/.worktrees/formal-scheduler-gap3/target/debug/deps/durability_restart-ff175764f7a05be2)

running 2 tests
test ordinary_campaign_and_pointer_commits_replay_exact_checkpoints ... ok
test stale_campaign_cas_does_not_replace_the_committed_head ... ok

test result: ok. 2 passed; 0 failed; 0 ignored; 0 measured; 0 filtered out; finished in 0.02s

     Running tests/production_conformance.rs (/home/doll/Project-Peritus/.worktrees/formal-scheduler-gap3/target/debug/deps/production_conformance-f87c99f805552f53)

running 1 test
test a2_evolution_catalog_executes_against_production_public_apis ... ok

test result: ok. 1 passed; 0 failed; 0 ignored; 0 measured; 0 filtered out; finished in 0.01s

     Running tests/promotion_authority.rs (/home/doll/Project-Peritus/.worktrees/formal-scheduler-gap3/target/debug/deps/promotion_authority-dad513b89bbf8cb1)

running 3 tests
test authorization_digest_binds_every_authority_observation ... ok
test independent_authority_and_history_limits_fail_closed ... ok
test malformed_genesis_and_stale_shape_commands_fail_before_authority ... ok

test result: ok. 3 passed; 0 failed; 0 ignored; 0 measured; 0 filtered out; finished in 0.00s

     Running tests/publication_integration.rs (/home/doll/Project-Peritus/.worktrees/formal-scheduler-gap3/target/debug/deps/publication_integration-d1740ab673129fd7)

running 2 tests
test empty_artifacts_and_malformed_publication_payloads_fail_closed ... ok
test finalized_artifact_and_publication_recover_after_restart ... ok

test result: ok. 2 passed; 0 failed; 0 ignored; 0 measured; 0 filtered out; finished in 0.02s

     Running tests/replay_wire.rs (/home/doll/Project-Peritus/.worktrees/formal-scheduler-gap3/target/debug/deps/replay_wire-45b4b487f18971f1)

running 1 test
test six_f0_frames_round_trip_and_reject_malformed_bytes ... ok

test result: ok. 1 passed; 0 failed; 0 ignored; 0 measured; 0 filtered out; finished in 0.00s

     Running tests/verified_refinement.rs (/home/doll/Project-Peritus/.worktrees/formal-scheduler-gap3/target/debug/deps/verified_refinement-90e52b1635ebade4)

running 3 tests
test evaluator_isolation_requires_every_checked_boundary_fact ... ok
test promotion_safety_is_a_conjunction_not_a_score ... ok
test rollback_replay_and_terminal_refinements_fail_closed ... ok

test result: ok. 3 passed; 0 failed; 0 ignored; 0 measured; 0 filtered out; finished in 0.00s

PASS	peritus-evolution	H
BEGIN	peritus-gates	H	cargo test --package peritus-gates --all-targets --all-features --locked
   Compiling vstd v0.0.0-2026-08-09-0044 (https://github.com/verus-lang/verus.git?rev=92f466f247f45128c630d1c843fd6e27d2115587#92f466f2)
   Compiling peritus-types v0.0.2 (/tmp/gap3-pcr7-inventory-candidate/crates/foundation/peritus-types)
   Compiling peritus-codec v0.0.2 (/tmp/gap3-pcr7-inventory-candidate/crates/foundation/peritus-codec)
   Compiling peritus-policy v0.0.2 (/tmp/gap3-pcr7-inventory-candidate/crates/foundation/peritus-policy)
   Compiling peritus-spec v0.0.2 (/tmp/gap3-pcr7-inventory-candidate/crates/foundation/peritus-spec)
   Compiling peritus-quality-policy v0.0.2 (/tmp/gap3-pcr7-inventory-candidate/crates/foundation/peritus-quality-policy)
   Compiling peritus-budget v0.0.2 (/tmp/gap3-pcr7-inventory-candidate/crates/foundation/peritus-budget)
   Compiling serde_core v1.0.229
   Compiling peritus-kernel v0.0.2 (/tmp/gap3-pcr7-inventory-candidate/crates/foundation/peritus-kernel)
   Compiling peritus-artifact-store v0.0.2 (/tmp/gap3-pcr7-inventory-candidate/crates/state/peritus-artifact-store)
   Compiling peritus-approval v0.0.2 (/tmp/gap3-pcr7-inventory-candidate/crates/state/peritus-approval)
   Compiling peritus-protocol v0.0.2 (/tmp/gap3-pcr7-inventory-candidate/crates/foundation/peritus-protocol)
   Compiling peritus-leases v0.0.2 (/tmp/gap3-pcr7-inventory-candidate/crates/state/peritus-leases)
   Compiling peritus-journal v0.0.2 (/tmp/gap3-pcr7-inventory-candidate/crates/state/peritus-journal)
   Compiling thiserror-impl v1.0.69
   Compiling thiserror v1.0.69
   Compiling serde_json v1.0.149
   Compiling filedescriptor v0.8.3
   Compiling portable-pty v0.9.0
   Compiling peritus-tool-protocol v0.0.2 (/tmp/gap3-pcr7-inventory-candidate/crates/tools/peritus-tool-protocol)
   Compiling toml_datetime v1.1.1+spec-1.1.0
   Compiling serde_spanned v1.1.1
   Compiling peritus-git v0.0.2 (/tmp/gap3-pcr7-inventory-candidate/crates/runtime/peritus-git)
   Compiling peritus-sandbox v0.0.2 (/tmp/gap3-pcr7-inventory-candidate/crates/runtime/peritus-sandbox)
   Compiling peritus-patch v0.0.2 (/tmp/gap3-pcr7-inventory-candidate/crates/runtime/peritus-patch)
   Compiling zeroize v1.9.0
   Compiling toml v1.1.4+spec-1.1.0
   Compiling peritus-process v0.0.2 (/tmp/gap3-pcr7-inventory-candidate/crates/runtime/peritus-process)
   Compiling peritus-workspace v0.0.2 (/tmp/gap3-pcr7-inventory-candidate/crates/runtime/peritus-workspace)
   Compiling peritus-tool-router v0.0.2 (/tmp/gap3-pcr7-inventory-candidate/crates/tools/peritus-tool-router)
   Compiling peritus-projection v0.0.2 (/tmp/gap3-pcr7-inventory-candidate/crates/state/peritus-projection)
   Compiling peritus-run-settlement v0.0.2 (/tmp/gap3-pcr7-inventory-candidate/crates/orchestration/peritus-run-settlement)
   Compiling peritus-obligations v0.0.2 (/tmp/gap3-pcr7-inventory-candidate/crates/orchestration/peritus-obligations)
   Compiling peritus-evidence v0.0.2 (/tmp/gap3-pcr7-inventory-candidate/crates/state/peritus-evidence)
   Compiling peritus-tools-quality v0.0.2 (/tmp/gap3-pcr7-inventory-candidate/crates/tools/peritus-tools-quality)
   Compiling peritus-gates v0.0.2 (/tmp/gap3-pcr7-inventory-candidate/crates/orchestration/peritus-gates)
    Finished `test` profile [unoptimized + debuginfo] target(s) in 28.33s
     Running unittests src/lib.rs (/home/doll/Project-Peritus/.worktrees/formal-scheduler-gap3/target/debug/deps/peritus_gates-acead538d736589b)

running 32 tests
test descriptor::tests::total_attempt_bound_matches_the_production_codec_collection_ceiling ... ok
test engine::tests::engine_rejects_commit_through_another_store_without_mutation ... ok
test engine::tests::exact_resolved_dispatch_never_recreates_an_effect_permit ... ok
test engine::tests::publisher_receipt_for_another_result_position_is_rejected ... ok
test engine::tests::resolved_dispatch_after_later_checkpoint_requires_replay_and_no_effect ... ok
test engine::tests::same_result_event_from_another_store_is_not_authoritative_provenance ... ok
test evidence::receipt::tests::two_requirements_cannot_reuse_one_evidence_record ... ok
test obligation::tests::bridge_never_routes_provider_failure_to_fixer ... ok
test obligation::tests::bridge_passes_only_a_qualified_obligation_report ... ok
test product::commands::tests::artifact_manifest_rejects_unknown_or_incompatible_fields ... ok
test product::plan::tests::changed_json_artifact_gets_structural_acceptance ... ok
test product::plan::tests::conventional_sqlite_workspace_runs_migration_verification ... ok
test product::plan::tests::explicit_artifact_workspace_covers_general_outputs ... ok
test product::plan::tests::manifestless_node_module_runs_adjacent_test_files ... ok
test product::plan::tests::manifestless_python_tests_use_their_nearest_conventional_project ... ok
test product::plan::tests::python_requirements_are_verified_without_installing_or_network_access ... ok
test product::plan::tests::root_level_python_tests_cover_workflow_and_documentation_changes ... ok
test product::plan::tests::rust_plan_builds_the_exact_nested_package ... ok
test product::plan::tests::standalone_changed_python_source_gets_syntax_acceptance ... ok
test product::report::tests::additional_constraint_participates_in_acceptance_and_evidence ... ok
test tests::action_identity::retry_rejects_reused_action_with_fresh_execution_without_mutation ... ok
test tests::all_d1_families_round_trip_and_checkpoint_matches_replay ... ok
test tests::atomic_genesis_commit_is_idempotent_and_restart_checked ... ok
test tests::complete_evidence_is_required_for_every_passing_dependency ... ok
test tests::dependency_failure_blocks_successor_and_replays_exactly ... ok
test tests::dispatched_attempt_without_a_result_recovers_as_indeterminate ... ok
test tests::evidence_binding::receipt_with_another_quality_artifact_set_is_rejected_without_mutation ... ok
test tests::evidence_binding::zero_requirement_receipt_is_bound_to_the_exact_result_event_and_manifest ... ok
test tests::pause::active_pause_is_canonical_durable_idempotent_and_restart_safe ... ok
test tests::pause::cancelling_pause_resumes_cancelling_and_cannot_finalize_while_paused ... ok
test tests::pause::plan_free_commit_rejects_every_non_lifecycle_command ... ok
test tests::recovery_is_required_before_fresh_retry_and_cancellation_is_fail_closed ... ok

test result: ok. 32 passed; 0 failed; 0 ignored; 0 measured; 0 filtered out; finished in 0.10s

PASS	peritus-gates	H
BEGIN	peritus-git	H	cargo test --package peritus-git --all-targets --all-features --locked
   Compiling peritus-git v0.0.2 (/tmp/gap3-pcr7-inventory-candidate/crates/runtime/peritus-git)
    Finished `test` profile [unoptimized + debuginfo] target(s) in 1.23s
     Running unittests src/lib.rs (/home/doll/Project-Peritus/.worktrees/formal-scheduler-gap3/target/debug/deps/peritus_git-b5b068be6046888e)

running 6 tests
test name::tests::validates_portable_names ... ok
test object_id::tests::accepts_exact_sha1_and_sha256 ... ok
test object_id::tests::rejects_wrong_algorithm_length_and_uppercase ... ok
test reconcile::tests::reason_encoding_is_order_sensitive_and_total ... ok
test status::porcelain::tests::parses_headers_and_all_simple_record_classes ... ok
test status::porcelain::tests::rejects_unterminated_and_malformed_records ... ok

test result: ok. 6 passed; 0 failed; 0 ignored; 0 measured; 0 filtered out; finished in 0.00s

     Running tests/git_lifecycle.rs (/home/doll/Project-Peritus/.worktrees/formal-scheduler-gap3/target/debug/deps/git_lifecycle-8037df493b2388ae)

running 6 tests
test candidate_snapshot_restart_and_restore_preserve_head_and_history ... ok
test opens_resolves_and_manages_an_exact_detached_worktree ... ok
test opens_sha256_repository_when_supported_by_git ... ok
test parses_real_unmerged_index_as_indeterminate_reconciliation ... ok
test parses_tracked_untracked_ignored_and_renamed_status ... ok
test recovers_trusted_worktree_at_advanced_detached_head_without_losing_changes ... ok

test result: ok. 6 passed; 0 failed; 0 ignored; 0 measured; 0 filtered out; finished in 0.55s

     Running tests/git_safety.rs (/home/doll/Project-Peritus/.worktrees/formal-scheduler-gap3/target/debug/deps/git_safety-1dfc1ebe6f606987)

running 4 tests
test attached_head_at_same_commit_is_not_accepted_as_managed_topology ... ok
test configured_external_filter_is_rejected_before_execution_or_staging ... ok
test recovers_existing_exact_worktree_after_interrupted_registration ... ok
test status_overrides_local_submodule_ignore_configuration ... ok

test result: ok. 4 passed; 0 failed; 0 ignored; 0 measured; 0 filtered out; finished in 0.42s

     Running tests/snapshot_quarantine.rs (/home/doll/Project-Peritus/.worktrees/formal-scheduler-gap3/target/debug/deps/snapshot_quarantine-91f0b0c05ce912b6)

running 1 test
test divergent_snapshot_reference_is_atomically_quarantined ... ok

test result: ok. 1 passed; 0 failed; 0 ignored; 0 measured; 0 filtered out; finished in 0.13s

PASS	peritus-git	H
BEGIN	peritus-harness	H	cargo test --package peritus-harness --all-targets --all-features --locked
   Compiling tempfile v3.27.0
   Compiling peritus-harness v0.0.2 (/tmp/gap3-pcr7-inventory-candidate/crates/orchestration/peritus-harness)
    Finished `test` profile [unoptimized + debuginfo] target(s) in 7.71s
     Running unittests src/lib.rs (/home/doll/Project-Peritus/.worktrees/formal-scheduler-gap3/target/debug/deps/peritus_harness-dc7f0f52f6b7cc68)

running 1 test
test runtime::binding::tests::exact_binding_retains_the_shared_tuple_and_rejects_drift ... ok

test result: ok. 1 passed; 0 failed; 0 ignored; 0 measured; 0 filtered out; finished in 0.00s

     Running tests/domain_catalog.rs (/home/doll/Project-Peritus/.worktrees/formal-scheduler-gap3/target/debug/deps/domain_catalog-b814f4e2e8d39681)

running 5 tests
test complete_catalog_has_stable_unique_tags_and_every_protection_class ... ok
test declaration_enforces_compiled_protection_and_authority ... ok
test intervals_feature_sets_and_authority_sets_are_strict ... ok
test manifest_limits_can_only_tighten_compiled_ceilings ... ok
test nominal_values_reject_noncanonical_or_protected_inputs ... ok

test result: ok. 5 passed; 0 failed; 0 ignored; 0 measured; 0 filtered out; finished in 0.00s

     Running tests/domain_graph.rs (/home/doll/Project-Peritus/.worktrees/formal-scheduler-gap3/target/debug/deps/domain_graph-3b25be348273ff11)

running 6 tests
test declaration_order_is_identity_but_topological_ties_use_component_id ... ok
test dependency_kind_version_and_digest_are_independently_checked ... ok
test duplicate_missing_and_cycle_are_rejected ... ok
test graph_resolves_deterministically_and_round_trips_canonical_bytes ... ok
test transitive_authority_and_incompatible_protected_dependencies_reject ... ok
test unknown_features_remain_inert_and_unsatisfied ... ok

test result: ok. 6 passed; 0 failed; 0 ignored; 0 measured; 0 filtered out; finished in 0.00s

     Running tests/domain_properties.rs (/home/doll/Project-Peritus/.worktrees/formal-scheduler-gap3/target/debug/deps/domain_properties-584da9da4e900185)

running 1 test
test all_small_ranked_dags_match_the_reference_checker_and_round_trip ... ok

test result: ok. 1 passed; 0 failed; 0 ignored; 0 measured; 0 filtered out; finished in 0.02s

     Running tests/domain_revision.rs (/home/doll/Project-Peritus/.worktrees/formal-scheduler-gap3/target/debug/deps/domain_revision-314c2cedeb61018d)

running 6 tests
test every_structural_change_to_a_protected_asset_rejects ... ok
test exact_component_bytes_are_checked_before_revision_construction ... ok
test genesis_and_successor_are_deterministic_content_addressed_values ... ok
test history_retains_branches_and_allows_only_strict_ancestor_rollback ... ok
test history_snapshot_is_deterministic_and_fully_rechecked ... ok
test protected_asset_addition_removal_and_reordering_reject ... ok

test result: ok. 6 passed; 0 failed; 0 ignored; 0 measured; 0 filtered out; finished in 0.00s

     Running tests/durability_restart.rs (/home/doll/Project-Peritus/.worktrees/formal-scheduler-gap3/target/debug/deps/durability_restart-69e0909e826b561a)

running 3 tests
test atomic_genesis_commit_is_idempotent_and_restart_replay_matches_checkpoint ... ok
test checked_restart_recreates_plan_and_atomically_settles_exact_claim ... ok
test fixtures_support::fixed_fixture_constructs_a_content_bound_genesis ... ok

test result: ok. 3 passed; 0 failed; 0 ignored; 0 measured; 0 filtered out; finished in 0.12s

     Running tests/fixtures_support.rs (/home/doll/Project-Peritus/.worktrees/formal-scheduler-gap3/target/debug/deps/fixtures_support-3cf84757c859badf)

running 1 test
test fixed_fixture_constructs_a_content_bound_genesis ... ok

test result: ok. 1 passed; 0 failed; 0 ignored; 0 measured; 0 filtered out; finished in 0.00s

     Running tests/manifest_document.rs (/home/doll/Project-Peritus/.worktrees/formal-scheduler-gap3/target/debug/deps/manifest_document-a3d8135719a944c2)

running 2 tests
test strict_manifest_retains_exact_bytes_and_checked_declaration ... ok
test unknown_manifest_field_and_noncanonical_digest_fail_closed ... ok

test result: ok. 2 passed; 0 failed; 0 ignored; 0 measured; 0 filtered out; finished in 0.00s

     Running tests/manifest_loading.rs (/home/doll/Project-Peritus/.worktrees/formal-scheduler-gap3/target/debug/deps/manifest_loading-8cb07751f8a22948)

running 2 tests
test real_c1_inventory_rejects_missing_undeclared_and_drifted_content ... ok
test real_c1_snapshot_loads_checks_finalizes_and_constructs_genesis ... ok

test result: ok. 2 passed; 0 failed; 0 ignored; 0 measured; 0 filtered out; finished in 0.45s

     Running tests/materialization_safety.rs (/home/doll/Project-Peritus/.worktrees/formal-scheduler-gap3/target/debug/deps/materialization_safety-ff732c0bf235f068)

running 4 tests
test absent_files_and_malformed_plan_bytes_cannot_be_activated ... ok
test deterministic_plan_round_trips_exact_artifact_and_snapshot_bindings ... ok
test fixtures_support::fixed_fixture_constructs_a_content_bound_genesis ... ok
test rollback_reason_is_explicit_bounded_and_control_free ... ok

test result: ok. 4 passed; 0 failed; 0 ignored; 0 measured; 0 filtered out; finished in 0.09s

     Running tests/replay_wire.rs (/home/doll/Project-Peritus/.worktrees/formal-scheduler-gap3/target/debug/deps/replay_wire-f53c6bc03828d94e)

running 5 tests
test canonical_corpus_is_exact_and_rejects_corruption ... ok
test complete_frame_trailing_bytes_are_rejected ... ok
test families_79_80_81_round_trip_only_through_checked_activation ... ok
test fixtures_support::fixed_fixture_constructs_a_content_bound_genesis ... ok
test replay_projection_matches_live_state_and_rejects_duplicate_genesis ... ok

test result: ok. 5 passed; 0 failed; 0 ignored; 0 measured; 0 filtered out; finished in 0.00s

PASS	peritus-harness	H
BEGIN	peritus-journal	H	cargo test --package peritus-journal --all-targets --all-features --locked
   Compiling peritus-journal v0.0.2 (/tmp/gap3-pcr7-inventory-candidate/crates/state/peritus-journal)
    Finished `test` profile [unoptimized + debuginfo] target(s) in 4.30s
     Running unittests src/lib.rs (/home/doll/Project-Peritus/.worktrees/formal-scheduler-gap3/target/debug/deps/peritus_journal-3ff467e5231c7865)

running 40 tests
test idempotency::tests::replay_requires_all_request_digest_bytes_to_match ... ok
test sqlite::history::tests::shared_history_failed_append_rolls_back_nodes_event_history_and_current_state ... ok
test sqlite::history::tests::shared_history_never_accepts_or_overwrites_a_corrupt_reused_node ... ok
test sqlite::history::tests::shared_history_node_bounds_reject_malformed_encodings ... ok
test sqlite::history::tests::shared_history_preserves_empty_leaf_branch_and_maximum_values_after_restart ... ok
test sqlite::history::tests::shared_history_rejects_hash_consistent_noncanonical_tree_shapes ... ok
test sqlite::history::tests::shared_history_rejects_missing_corrupt_and_wrong_root_nodes ... ok
test sqlite::history::tests::shared_history_repeated_node_is_reread_and_failed_statements_release_before_retry ... ok
test sqlite::history::tests::shared_history_sqlite_retention_is_bounded_below_full_growing_values ... ok
test sqlite::query::aggregate::tests::aggregate_checkpoint_snapshot_keeps_history_and_state_at_the_same_commit ... ok
test sqlite::query::aggregate::tests::aggregate_checkpoint_snapshot_preserves_absence_and_input_rejection ... ok
test sqlite::query::aggregate::tests::aggregate_checkpoint_snapshot_rejects_corruption_in_either_component ... ok
test sqlite::query::aggregate::tests::aggregate_replay_snapshot_does_not_mix_concurrent_committed_heads_and_rows ... ok
test sqlite::tests::aggregate_replay_tests::aggregate_replay_checks_complete_head_not_only_hash ... ok
test sqlite::tests::aggregate_replay_tests::aggregate_replay_rechecks_old_frame_bytes_and_sequence_gaps ... ok
test sqlite::tests::aggregate_replay_tests::aggregate_replay_rejects_orphaned_events ... ok
test sqlite::tests::aggregate_replay_tests::aggregate_replay_rejects_self_consistent_hash_with_broken_predecessor ... ok
test sqlite::tests::aggregate_replay_tests::aggregate_replay_retains_exact_interleaved_records_across_restart ... ok
test sqlite::tests::application_tests::application_catalogs_retain_exact_metadata ... ok
test sqlite::tests::application_tests::application_ledger_survives_idempotency_and_terminal_settlement ... ok
test sqlite::tests::application_tests::application_prompt_target_settles_exactly_once_after_durable_registration ... ok
test sqlite::tests::application_tests::application_workspace_digest_is_checked_on_input_and_recovery ... ok
test sqlite::tests::application_tests::global_tail_is_bounded_and_reports_retention_bounds ... ok
test sqlite::tests::failed_second_insert_rolls_back_first_event_and_head ... ok
test sqlite::tests::hardened_connection_and_atomic_full_batch_are_observable ... ok
test sqlite::tests::lost_acknowledgement_resolves_and_exact_retry_does_not_append ... ok
test sqlite::tests::missing_artifact_fails_before_authoritative_rows_exist ... ok
test sqlite::tests::observation_tests::external_write_between_planning_check_and_append_is_rejected_without_new_rows ... ok
test sqlite::tests::observation_tests::failed_and_lost_acknowledgement_appends_invalidate_observations ... ok
test sqlite::tests::observation_tests::guarded_receipt_extends_only_its_own_instance_and_append_generation ... ok
test sqlite::tests::observation_tests::mutable_owner_ledgers_do_not_invalidate_unchanged_aggregate_history ... ok
test sqlite::tests::outbox_tests::aggregate_append_atomically_acknowledges_exact_claimed_directive ... ok
test sqlite::tests::outbox_tests::stale_fence_cannot_acknowledge_a_reclaimed_outbox_row ... ok
test sqlite::tests::recovery_tests::authority_epoch_cas_is_monotonic_across_restart_and_overflow_is_typed ... ok
test sqlite::tests::recovery_tests::corruption_in_payload_or_head_is_detected ... ok
test sqlite::tests::recovery_tests::integrity_rejects_state_history_gaps_and_current_row_rewinds ... ok
test sqlite::tests::recovery_tests::restart_preserves_exact_frames_and_command_resolution ... ok
test sqlite::tests::stale_head_rejects_every_row_in_the_later_plan ... ok
test sqlite::tests::storage_tests::page_ceiling_returns_exact_storage_exhaustion_without_partial_append ... ok
test sqlite::tests::storage_tests::rejected_open_does_not_leave_partial_schema_installation ... ok

test result: ok. 40 passed; 0 failed; 0 ignored; 0 measured; 0 filtered out; finished in 7.43s

     Running tests/approval_registry.rs (/home/doll/Project-Peritus/.worktrees/formal-scheduler-gap3/target/debug/deps/approval_registry-db407ed89c4bb0dd)

running 4 tests
test approval_use_augments_a_multi_aggregate_append_atomically ... ok
test approval_use_rejects_stale_registry_and_state_without_partial_activation ... ok
test exact_approval_use_retry_returns_the_original_atomic_batch ... ok
test signed_approval_rejects_same_revision_wrong_digest_and_commits_exact_snapshot ... ok

test result: ok. 4 passed; 0 failed; 0 ignored; 0 measured; 0 filtered out; finished in 0.46s

     Running tests/authority_adapters.rs (/home/doll/Project-Peritus/.worktrees/formal-scheduler-gap3/target/debug/deps/authority_adapters-4eaed1dd415025d8)

running 2 tests
test authority_clock_rejects_stale_allocation_and_survives_restart ... ok
test registry_rejects_non_increasing_currentness ... ok

test result: ok. 2 passed; 0 failed; 0 ignored; 0 measured; 0 filtered out; finished in 0.01s

     Running tests/b1_adapters.rs (/home/doll/Project-Peritus/.worktrees/formal-scheduler-gap3/target/debug/deps/b1_adapters-47f205baa0ea29e2)

running 3 tests
test capability_use_is_exposed_only_with_its_exact_durable_successor ... ok
test held_budget_cancellation_requires_and_consumes_a_current_durable_non_activation_observation ... ok
test lease_mint_and_acquisition_follow_the_verified_version_cas ... ok

test result: ok. 3 passed; 0 failed; 0 ignored; 0 measured; 0 filtered out; finished in 0.02s

     Running tests/conformance.rs (/home/doll/Project-Peritus/.worktrees/formal-scheduler-gap3/target/debug/deps/conformance-82fc79234d9f9032)

running 1 test
test production_journal_passes_a2_commit_restart_and_cas_conformance ... ok

test result: ok. 1 passed; 0 failed; 0 ignored; 0 measured; 0 filtered out; finished in 0.02s

     Running tests/kernel_replay.rs (/home/doll/Project-Peritus/.worktrees/formal-scheduler-gap3/target/debug/deps/kernel_replay-5d071a6a16b5e431)

running 1 test
test genesis_and_transition_recover_exactly_after_journal_restart ... ok

test result: ok. 1 passed; 0 failed; 0 ignored; 0 measured; 0 filtered out; finished in 0.01s

     Running tests/state_history.rs (/home/doll/Project-Peritus/.worktrees/formal-scheduler-gap3/target/debug/deps/state_history-0869349d93b93a4d)

running 2 tests
test older_command_replay_returns_its_original_batch_without_rolling_back_current_state ... ok
test read_only_snapshot_does_not_initialize_and_is_consistent_during_later_commits ... ok

test result: ok. 2 passed; 0 failed; 0 ignored; 0 measured; 0 filtered out; finished in 0.02s

PASS	peritus-journal	H
BEGIN	peritus-kernel	V	cargo test --package peritus-kernel --all-targets --all-features --locked
   Compiling peritus-kernel v0.0.2 (/tmp/gap3-pcr7-inventory-candidate/crates/foundation/peritus-kernel)
    Finished `test` profile [unoptimized + debuginfo] target(s) in 1.73s
     Running unittests src/lib.rs (/home/doll/Project-Peritus/.worktrees/formal-scheduler-gap3/target/debug/deps/peritus_kernel-fe92ab921684d3f9)

running 0 tests

test result: ok. 0 passed; 0 failed; 0 ignored; 0 measured; 0 filtered out; finished in 0.00s

     Running tests/adversarial.rs (/home/doll/Project-Peritus/.worktrees/formal-scheduler-gap3/target/debug/deps/adversarial-abc295031e06652c)

running 6 tests
test acceptance_rejects_missing_stale_and_untracked_evidence ... ok
test action_authorization_requires_the_exact_capability_use ... ok
test incomplete_current_evidence_enters_fixer_state_without_implicit_success ... ok
test revision_forks_and_replayed_identities_preserve_the_aggregate ... ok
test run_and_attempt_admission_fail_closed_on_budget_inputs ... ok
test waiver_grant_rejects_a_finding_from_another_review_cycle ... ok

test result: ok. 6 passed; 0 failed; 0 ignored; 0 measured; 0 filtered out; finished in 0.00s

     Running tests/lifecycle_trace.rs (/home/doll/Project-Peritus/.worktrees/formal-scheduler-gap3/target/debug/deps/lifecycle_trace-4711b108d0ef5073)

running 1 test
test complete_writer_action_review_acceptance_trace_is_causal ... ok

test result: ok. 1 passed; 0 failed; 0 ignored; 0 measured; 0 filtered out; finished in 0.00s

     Running tests/reference_model.rs (/home/doll/Project-Peritus/.worktrees/formal-scheduler-gap3/target/debug/deps/reference_model-644c2089732765a3)

running 1 test
test generated_traces_match_reference_after_each_step_and_first_rejection ... ok

test result: ok. 1 passed; 0 failed; 0 ignored; 0 measured; 0 filtered out; finished in 0.00s

     Running tests/transition_matrix.rs (/home/doll/Project-Peritus/.worktrees/formal-scheduler-gap3/target/debug/deps/transition_matrix-f63aaa3814f6d1c8)

running 7 tests
test approved_exact_revision_waiver_can_participate_in_acceptance ... ok
test attempt_turn_and_action_families_cover_progress_failure_and_rejection ... ok
test missing_parents_and_illegal_child_edges_fail_without_events ... ok
test needs_changes_attempt_resumes_only_through_the_explicit_fixer_edge ... ok
test review_waiver_and_acceptance_families_cover_terminal_and_illegal_edges ... ok
test run_pause_resume_and_all_non_acceptance_terminal_edges_are_explicit ... ok
test session_and_run_control_matrix_accepts_only_declared_edges ... ok

test result: ok. 7 passed; 0 failed; 0 ignored; 0 measured; 0 filtered out; finished in 0.00s

PASS	peritus-kernel	V
BEGIN	peritus-leases	H	cargo test --package peritus-leases --all-targets --all-features --locked
   Compiling peritus-leases v0.0.2 (/tmp/gap3-pcr7-inventory-candidate/crates/state/peritus-leases)
    Finished `test` profile [unoptimized + debuginfo] target(s) in 2.82s
     Running unittests src/lib.rs (/home/doll/Project-Peritus/.worktrees/formal-scheduler-gap3/target/debug/deps/peritus_leases-c439453bdb9cf43e)

running 7 tests
test transition::boundary_tests::acquisition_cannot_create_active_state_at_maximum_version ... ok
test transition::boundary_tests::boundary_reconciliation_retires_before_the_reserved_final_fence_step ... ok
test transition::boundary_tests::claim_version_exhaustion_and_corrupt_active_max_fail_closed ... ok
test transition::boundary_tests::final_representable_version_is_reserved_for_fencing ... ok
test transition::boundary_tests::generated_boundary_retirements_match_independent_reference ... ok
test transition::boundary_tests::generation_exhaustion_retires_without_wrapping ... ok
test transition::retired_tests::every_retired_phase_command_edge_rejects_without_state_change ... ok

test result: ok. 7 passed; 0 failed; 0 ignored; 0 measured; 0 filtered out; finished in 0.00s

     Running tests/authority_intersection.rs (/home/doll/Project-Peritus/.worktrees/formal-scheduler-gap3/target/debug/deps/authority_intersection-a1df3220fcfed90c)

running 4 tests
test capability_use_observation_must_equal_lease_observation ... ok
test every_exact_scope_dimension_fails_closed ... ok
test exact_policy_use_and_current_claim_produce_one_move_only_logical_use ... ok
test old_generation_policy_use_is_rejected_after_fence_and_reacquire ... ok

test result: ok. 4 passed; 0 failed; 0 ignored; 0 measured; 0 filtered out; finished in 0.00s

     Running tests/cas_adversarial_fixtures.rs (/home/doll/Project-Peritus/.worktrees/formal-scheduler-gap3/target/debug/deps/cas_adversarial_fixtures-9e396a6b3660bfd0)

running 7 tests
test duplicate_claims_remain_separate_unprivileged_identity_observations ... ok
test failure_after_commit_before_ack_resolves_the_exact_command ... ok
test failure_before_commit_requires_reobservation_without_resolution ... ok
test forged_malformed_and_corrupt_observations_fail_closed ... ok
test indeterminate_observation_resolves_to_a_definite_non_commit ... ok
test reused_command_with_a_different_plan_is_rejected ... ok
test stale_snapshot_is_returned_only_as_unprivileged_conflict_evidence ... ok

test result: ok. 7 passed; 0 failed; 0 ignored; 0 measured; 0 filtered out; finished in 0.00s

     Running tests/cas_contract.rs (/home/doll/Project-Peritus/.worktrees/formal-scheduler-gap3/target/debug/deps/cas_contract-4ea544a5cdcbf0e8)

running 8 tests
test borrowed_port_can_claim_an_authorize_use_plan_without_reconstructing_it ... ok
test conflict_not_applied_and_indeterminate_have_distinct_recovery_paths ... ok
test every_port_failure_has_a_stable_code_and_recovery_class ... ok
test exact_applied_claim_remains_an_unprivileged_observation ... ok
test indeterminate_port_outcome_is_resolved_under_the_same_command_id ... ok
test reconciliation_evidence_only_record_substitution_fails_full_plan_matching ... ok
test revoke_evidence_only_record_substitution_fails_full_plan_matching ... ok
test stale_authoritative_plan_and_identity_corruption_fail_closed ... ok

test result: ok. 8 passed; 0 failed; 0 ignored; 0 measured; 0 filtered out; finished in 0.00s

     Running tests/extended_model_traces.rs (/home/doll/Project-Peritus/.worktrees/formal-scheduler-gap3/target/debug/deps/extended_model_traces-17d2a4c2a4192c58)

running 1 test
test generated_extended_transitions_refine_independent_model ... ok

test result: ok. 1 passed; 0 failed; 0 ignored; 0 measured; 0 filtered out; finished in 0.00s

     Running tests/failure_contract.rs (/home/doll/Project-Peritus/.worktrees/formal-scheduler-gap3/target/debug/deps/failure_contract-d13f588f4f5559b3)

running 1 test
test every_lease_error_variant_has_a_stable_code_and_recovery_class ... ok

test result: ok. 1 passed; 0 failed; 0 ignored; 0 measured; 0 filtered out; finished in 0.00s

     Running tests/model_traces.rs (/home/doll/Project-Peritus/.worktrees/formal-scheduler-gap3/target/debug/deps/model_traces-32b5fbd90b9a2257)

running 1 test
test generated_traces_refine_independent_model_after_success_and_rejection ... ok

test result: ok. 1 passed; 0 failed; 0 ignored; 0 measured; 0 filtered out; finished in 0.00s

     Running tests/phase_matrix.rs (/home/doll/Project-Peritus/.worktrees/formal-scheduler-gap3/target/debug/deps/phase_matrix-aefa5f2db12f61b3)

running 1 test
test every_publicly_reachable_phase_command_edge_is_explicit ... ok

test result: ok. 1 passed; 0 failed; 0 ignored; 0 measured; 0 filtered out; finished in 0.00s

     Running tests/transitions.rs (/home/doll/Project-Peritus/.worktrees/formal-scheduler-gap3/target/debug/deps/transitions-3ba4ca1cd01438c2)

running 6 tests
test competing_acquisitions_and_renewals_require_one_cas_winner ... ok
test dirty_and_indeterminate_reconciliation_quarantine_without_guessing ... ok
test every_reconciliation_correlation_mismatch_rejects_without_state_change ... ok
test expiry_equality_fences_and_safe_reconciliation_unblocks_new_holder ... ok
test ordinary_time_regression_and_early_expiry_fail_closed ... ok
test release_holder_loss_revocation_and_discontinuity_all_fence ... ok

test result: ok. 6 passed; 0 failed; 0 ignored; 0 measured; 0 filtered out; finished in 0.00s

PASS	peritus-leases	H
BEGIN	peritus-local-socket	H	cargo test --package peritus-local-socket --all-targets --all-features --locked
   Compiling peritus-local-socket v0.0.2 (/tmp/gap3-pcr7-inventory-candidate/crates/runtime/peritus-local-socket)
    Finished `test` profile [unoptimized + debuginfo] target(s) in 0.42s
     Running unittests src/lib.rs (/home/doll/Project-Peritus/.worktrees/formal-scheduler-gap3/target/debug/deps/peritus_local_socket-492ba6b0068b6a8b)

running 6 tests
test path::tests::long_unicode_paths_are_stable_and_isolated_by_the_complete_original_path ... ok
test path::tests::preserves_existing_paths_through_each_platform_boundary ... ok
test path::tests::rejects_invalid_paths_without_turning_them_into_valid_runtime_names ... ok
test unix::tests::cleanup_preserves_replacements_and_nonempty_directories ... ok
test unix::tests::ordinary_clients_round_trip_at_a_short_private_runtime_address ... ok
test unix::tests::refuses_symlinks_wrong_owner_and_broad_permissions_without_repair ... ok

test result: ok. 6 passed; 0 failed; 0 ignored; 0 measured; 0 filtered out; finished in 0.00s

PASS	peritus-local-socket	H
BEGIN	peritus-mcp	H	cargo test --package peritus-mcp --all-targets --all-features --locked
   Compiling serde v1.0.229
   Compiling peritus-tool-protocol v0.0.2 (/tmp/gap3-pcr7-inventory-candidate/crates/tools/peritus-tool-protocol)
   Compiling peritus-mcp v0.0.2 (/tmp/gap3-pcr7-inventory-candidate/crates/extensions/peritus-mcp)
    Finished `test` profile [unoptimized + debuginfo] target(s) in 3.06s
     Running unittests src/lib.rs (/home/doll/Project-Peritus/.worktrees/formal-scheduler-gap3/target/debug/deps/peritus_mcp-bf1a9917fba3d260)

running 0 tests

test result: ok. 0 passed; 0 failed; 0 ignored; 0 measured; 0 filtered out; finished in 0.00s

     Running tests/server.rs (/home/doll/Project-Peritus/.worktrees/formal-scheduler-gap3/target/debug/deps/server-4a8ca4f2707903cc)

running 3 tests
test cancellation_remains_responsive_while_a_call_is_active ... ok
test lifecycle_pagination_tool_resource_and_prompt_methods_work ... ok
test malformed_framing_is_reported_after_owned_tasks_are_joined ... ok

test result: ok. 3 passed; 0 failed; 0 ignored; 0 measured; 0 filtered out; finished in 0.00s

PASS	peritus-mcp	H
BEGIN	peritus-memory	H	cargo test --package peritus-memory --all-targets --all-features --locked
   Compiling peritus-memory v0.0.2 (/tmp/gap3-pcr7-inventory-candidate/crates/orchestration/peritus-memory)
    Finished `test` profile [unoptimized + debuginfo] target(s) in 2.38s
     Running unittests src/lib.rs (/home/doll/Project-Peritus/.worktrees/formal-scheduler-gap3/target/debug/deps/peritus_memory-686610d4614857d2)

running 0 tests

test result: ok. 0 passed; 0 failed; 0 ignored; 0 measured; 0 filtered out; finished in 0.00s

     Running tests/construction_matrix.rs (/home/doll/Project-Peritus/.worktrees/formal-scheduler-gap3/target/debug/deps/construction_matrix-699dc01e39a1ef22)

running 10 tests
test bounded_scores_reject_invalid_values ... ok
test evidence_sets_are_canonical_and_cannot_conflict ... ok
test feature_and_claim_sets_require_canonical_order ... ok
test foundation_identifiers_still_reject_zero_before_memory_construction ... ok
test material_checks_content_digest_and_token_bounds ... ok
test scope_compatibility_is_exact_or_explicitly_broader ... ok
test scopes_require_durable_and_kind_specific_dimensions ... ok
test source_events_are_nonempty_bounded_and_canonical ... ok
test stable_identifiers_reject_zero_and_preserve_bytes ... ok
test timing_rejects_review_or_expiry_before_creation ... ok

test result: ok. 10 passed; 0 failed; 0 ignored; 0 measured; 0 filtered out; finished in 0.00s

     Running tests/index_rebuild.rs (/home/doll/Project-Peritus/.worktrees/formal-scheduler-gap3/target/debug/deps/index_rebuild-e79047fcac627eb4)

running 10 tests
test active_or_tombstone_changes_alter_index_digest ... ok
test identical_canonical_rebuilds_have_identical_real_sha256_digests ... ok
test index_retrieval_matches_full_scan_of_canonical_active_view ... ok
test latest_inactive_revision_is_absent_from_active_index ... ok
test posting_lists_are_canonical_and_derived_only_from_active_records ... ok
test rebuild_selects_latest_active_revision ... ok
test record_newer_than_tombstone_survives_replay ... ok
test replay_rejects_noncanonical_and_duplicate_revisions ... ok
test replay_rejects_noncanonical_tombstones_and_digest_conflicts ... ok
test tombstone_dominates_records_at_or_below_its_revision ... ok

test result: ok. 10 passed; 0 failed; 0 ignored; 0 measured; 0 filtered out; finished in 0.00s

     Running tests/lifecycle_matrix.rs (/home/doll/Project-Peritus/.worktrees/formal-scheduler-gap3/target/debug/deps/lifecycle_matrix-014fe79798f4b5e9)

running 7 tests
test active_may_expire_or_be_superseded_but_states_do_not_reopen ... ok
test forgetting_is_available_from_every_retained_state ... ok
test forgetting_produces_content_free_dominant_tombstone ... ok
test quarantine_release_requires_a_later_review_and_revision ... ok
test review_does_not_implicitly_release_quarantine ... ok
test review_returns_a_new_advanced_revision_without_mutating_original ... ok
test stale_revisions_and_observations_are_rejected ... ok

test result: ok. 7 passed; 0 failed; 0 ignored; 0 measured; 0 filtered out; finished in 0.00s

     Running tests/poisoning.rs (/home/doll/Project-Peritus/.worktrees/formal-scheduler-gap3/target/debug/deps/poisoning-9314fcda6fb5bd36)

running 2 tests
test instruction_like_payloads_retain_source_and_quote_boundary ... ok
test reviewer_policy_excludes_poisoned_memory_without_parsing_text ... ok

test result: ok. 2 passed; 0 failed; 0 ignored; 0 measured; 0 filtered out; finished in 0.00s

     Running tests/retrieval_determinism.rs (/home/doll/Project-Peritus/.worktrees/formal-scheduler-gap3/target/debug/deps/retrieval_determinism-45251ac97b8b1b8a)

running 3 tests
test future_observations_and_duplicate_candidates_fail_closed ... ok
test permutations_produce_identical_plans_and_explanations ... ok
test state_enum_has_no_forgotten_content_variant ... ok

test result: ok. 3 passed; 0 failed; 0 ignored; 0 measured; 0 filtered out; finished in 0.00s

     Running tests/retrieval_matrix.rs (/home/doll/Project-Peritus/.worktrees/formal-scheduler-gap3/target/debug/deps/retrieval_matrix-b7fe939812bfd33a)

running 11 tests
test accepted_claim_policy_filters_before_ranking ... ok
test budget_and_result_limits_explain_every_unselected_candidate ... ok
test confidence_claim_support_and_feature_filters_are_typed ... ok
test exact_and_explicit_broader_scope_policies_differ ... ok
test explicit_and_observed_lifecycle_filters_are_typed ... ok
test negative_feedback_and_contradiction_trigger_explicit_policy_quarantine ... ok
test ranking_is_feature_sensitive_and_stable_id_breaks_ties ... ok
test role_policy_filters_memory_before_ranking ... ok
test selected_candidate_is_scored_bounded_and_mandatorily_quoted ... ok
test stale_review_is_excluded_under_explicit_policy ... ok
test tombstone_dominance_precedes_ranking_and_checks_digest_binding ... ok

test result: ok. 11 passed; 0 failed; 0 ignored; 0 measured; 0 filtered out; finished in 0.00s

PASS	peritus-memory	H
BEGIN	peritus-migrations	H	cargo test --package peritus-migrations --all-targets --all-features --locked
   Compiling peritus-migrations v0.0.2 (/tmp/gap3-pcr7-inventory-candidate/crates/state/peritus-migrations)
    Finished `test` profile [unoptimized + debuginfo] target(s) in 1.60s
     Running unittests src/lib.rs (/home/doll/Project-Peritus/.worktrees/formal-scheduler-gap3/target/debug/deps/peritus_migrations-05eb5442fc86e098)

running 0 tests

test result: ok. 0 passed; 0 failed; 0 ignored; 0 measured; 0 filtered out; finished in 0.00s

     Running tests/apply_recovery.rs (/home/doll/Project-Peritus/.worktrees/formal-scheduler-gap3/target/debug/deps/apply_recovery-448be8d9733def01)

running 9 tests
test abandoned_backup_temporary_is_replaced_on_retry ... ok
test applied_history_digest_drift_is_terminal ... ok
test apply_failure_requires_and_supports_explicit_backup_restore ... ok
test completed_backup_survives_interrupted_apply_start ... ok
test corrupted_durable_backup_blocks_schema_apply ... ok
test landed_ambiguous_commit_remains_applying_and_reconciles_applied_after_restart ... ok
test migration_owner_lock_rejects_concurrent_engine ... ok
test pre_backup_failure_is_restart_visible_without_schema_progress ... ok
test successful_risky_apply_creates_backup_and_records_version ... ok

test result: ok. 9 passed; 0 failed; 0 ignored; 0 measured; 0 filtered out; finished in 0.03s

     Running tests/initial_install.rs (/home/doll/Project-Peritus/.worktrees/formal-scheduler-gap3/target/debug/deps/initial_install-e575cfd28109e81c)

running 2 tests
test fresh_schema_is_complete_and_adopted_once_without_upgrade_or_backup ... ok
test initial_schema_accepts_all_release_aggregate_families_and_shared_history ... ok

test result: ok. 2 passed; 0 failed; 0 ignored; 0 measured; 0 filtered out; finished in 0.04s

     Running tests/planning.rs (/home/doll/Project-Peritus/.worktrees/formal-scheduler-gap3/target/debug/deps/planning-7540f5db548bcf91)

running 4 tests
test planning_rejects_insufficient_space_and_reverse_or_incompatible_ranges ... ok
test planning_rejects_reverse_ranges_and_checked_capacity_overflow ... ok
test production_registry_contains_only_the_initial_release_schema ... ok
test source_digest_drift_and_registry_gaps_are_rejected ... ok

test result: ok. 4 passed; 0 failed; 0 ignored; 0 measured; 0 filtered out; finished in 0.00s

PASS	peritus-migrations	H
BEGIN	peritus-model-protocol	H	cargo test --package peritus-model-protocol --all-targets --all-features --locked
   Compiling serde v1.0.229
   Compiling peritus-model-protocol v0.0.2 (/tmp/gap3-pcr7-inventory-candidate/crates/model/peritus-model-protocol)
    Finished `test` profile [unoptimized + debuginfo] target(s) in 3.80s
     Running unittests src/lib.rs (/home/doll/Project-Peritus/.worktrees/formal-scheduler-gap3/target/debug/deps/peritus_model_protocol-5208943c77e7c358)

running 9 tests
test capability::negotiation::tests::optional_features_and_limits_are_intersected ... ok
test capability::negotiation::tests::unknown_does_not_satisfy_required_capability ... ok
test retry::tests::ambiguous_requires_documented_guarantee ... ok
test retry::tests::partial_stream_requires_exact_resume ... ok
test schema::tests::canonicalizes_object_order_and_rejects_duplicates ... ok
test schema::tests::schema_rejects_remote_reference ... ok
test usage::tests::missing_stays_unknown_and_cumulative_regression_fails ... ok
test verified::tests::every_transition_fact_is_required ... ok
test verified::tests::provider_observations_preserve_authoritative_state ... ok

test result: ok. 9 passed; 0 failed; 0 ignored; 0 measured; 0 filtered out; finished in 0.00s

     Running tests/canonical_compatibility.rs (/home/doll/Project-Peritus/.worktrees/formal-scheduler-gap3/target/debug/deps/canonical_compatibility-fe4b77815a9702a6)

running 10 tests
test accepted_fixtures_decode_and_reencode_byte_identically ... ok
test caller_request_id_is_restored_but_excluded_from_canonical_bytes ... ok
test corpus_inventory_and_binary_digests_are_complete_and_stable ... ok
test corrupt_closed_tags_unknown_tags_and_trailing_fields_are_rejected ... ok
test every_truncated_prefix_and_oversized_collection_count_is_rejected ... ok
test host_bounded_encoding_preserves_exact_bytes_and_rejects_instead_of_truncating ... ok
test invalid_nested_values_and_complete_request_validation_fail_closed ... ok
test profile_independent_message_archives_retain_mixed_content_and_reject_corruption ... ok
test runtime_dialects_have_stable_closed_tags_and_advisory_profiles ... ok
test version_and_every_profile_binding_field_are_checked_before_reconstruction ... ok

test result: ok. 10 passed; 0 failed; 0 ignored; 0 measured; 0 filtered out; finished in 0.00s

     Running tests/capability_matrix.rs (/home/doll/Project-Peritus/.worktrees/formal-scheduler-gap3/target/debug/deps/capability_matrix-59c1fcafb8007153)

running 4 tests
test capability_iteration_is_complete_stable_and_three_valued ... ok
test every_independent_capability_has_supported_unknown_and_unsupported_behavior ... ok
test every_model_limit_is_intersected_independently ... ok
test lifecycle_claims_require_matching_capabilities ... ok

test result: ok. 4 passed; 0 failed; 0 ignored; 0 measured; 0 filtered out; finished in 0.00s

     Running tests/event_codec.rs (/home/doll/Project-Peritus/.worktrees/formal-scheduler-gap3/target/debug/deps/event_codec-6d1b1716c0af14c6)

running 2 tests
test decoder_rejects_schema_drift_truncation_and_trailing_bytes ... ok
test normalized_events_round_trip_canonically_with_nested_observations ... ok

test result: ok. 2 passed; 0 failed; 0 ignored; 0 measured; 0 filtered out; finished in 0.00s

     Running tests/protocol_contract.rs (/home/doll/Project-Peritus/.worktrees/formal-scheduler-gap3/target/debug/deps/protocol_contract-0ca4e549de328309)

running 6 tests
test canonical_request_binds_semantics_and_excludes_observability_identity ... ok
test media::negotiated_inline_media_limit_rejects_oversized_image_audio_and_document_payloads ... ok
test reducer_accepts_fragmented_utf8_and_ignores_only_exact_duplicates ... ok
test reducer_never_turns_conflict_or_eof_into_success ... ok
test sensitive_debug_representations_do_not_expose_values ... ok
test tool_arguments_are_not_completed_until_closed_and_valid_json ... ok

test result: ok. 6 passed; 0 failed; 0 ignored; 0 measured; 0 filtered out; finished in 0.00s

     Running tests/reducer_matrix.rs (/home/doll/Project-Peritus/.worktrees/formal-scheduler-gap3/target/debug/deps/reducer_matrix-dd25b4f6259547b8)

running 4 tests
test gaps_limits_open_items_and_missing_terminals_fail_closed ... ok
test malformed_completed_fragments_irreversibly_fail_the_response ... ok
test reasoning_structured_output_and_parallel_tools_reduce_in_index_order ... ok
test refusal_and_cancellation_are_explicit_non_success_terminals ... ok

test result: ok. 4 passed; 0 failed; 0 ignored; 0 measured; 0 filtered out; finished in 0.00s

     Running tests/retry_matrix.rs (/home/doll/Project-Peritus/.worktrees/formal-scheduler-gap3/target/debug/deps/retry_matrix-bfdbdf5846351a57)

running 2 tests
test every_retry_cause_and_provider_guarantee_has_one_exact_decision ... ok
test retry_bounds_cancellation_retry_after_and_elapsed_horizon_fail_closed ... ok

test result: ok. 2 passed; 0 failed; 0 ignored; 0 measured; 0 filtered out; finished in 0.00s

PASS	peritus-model-protocol	H
BEGIN	peritus-network	H	cargo test --package peritus-network --all-targets --all-features --locked
   Compiling nix v0.31.3
   Compiling peritus-sandbox v0.0.2 (/tmp/gap3-pcr7-inventory-candidate/crates/runtime/peritus-sandbox)
   Compiling tempfile v3.27.0
   Compiling peritus-network v0.0.2 (/tmp/gap3-pcr7-inventory-candidate/crates/runtime/peritus-network)
    Finished `test` profile [unoptimized + debuginfo] target(s) in 4.82s
     Running unittests src/lib.rs (/home/doll/Project-Peritus/.worktrees/formal-scheduler-gap3/target/debug/deps/peritus_network-df60ca91526d2d36)

running 0 tests

test result: ok. 0 passed; 0 failed; 0 ignored; 0 measured; 0 filtered out; finished in 0.00s

     Running tests/network.rs (/home/doll/Project-Peritus/.worktrees/formal-scheduler-gap3/target/debug/deps/network-1bd435dfdf099dd4)

running 14 tests
test connect_byte_ceiling_stops_the_tunnel_and_reports_a_limited_close ... ok
test managed_proxy_connect_tunnels_bidirectionally_and_joins_both_relays ... ok
test managed_proxy_denies_unlisted_destination_before_resolution_or_connect ... ok
test managed_proxy_forwards_http_injects_scoped_credential_and_joins ... ok
test policy::canonical_matching_denies_and_special_addresses_are_narrowed ... ok
test policy::canonical_order_ipv6_and_multi_answer_denial_are_exact ... ok
test policy::inert_proxy_preparation_starts_only_from_the_checked_plan ... ok
test policy::inherited_listener_bridge_accepts_inside_namespace_and_connects_from_parent ... ok
test policy::redirect_and_credential_scope_are_exact_and_bounded ... ok
test proxy_shutdown_cancels_an_active_connect_and_joins_the_worker ... ok
test redirects::managed_proxy_follows_relative_redirect_and_returns_only_final_response ... ok
test redirects::managed_proxy_preserves_redirect_count_across_upstream_connections ... ok
test redirects::managed_proxy_revalidates_and_suppresses_a_denied_absolute_redirect ... ok
test worker_bound_applies_backpressure_and_shutdown_joins_the_active_tunnel ... ok

test result: ok. 14 passed; 0 failed; 0 ignored; 0 measured; 0 filtered out; finished in 1.32s

PASS	peritus-network	H
BEGIN	peritus-obligations	V	cargo test --package peritus-obligations --all-targets --all-features --locked
   Compiling peritus-obligations v0.0.2 (/tmp/gap3-pcr7-inventory-candidate/crates/orchestration/peritus-obligations)
    Finished `test` profile [unoptimized + debuginfo] target(s) in 2.88s
     Running unittests src/lib.rs (/home/doll/Project-Peritus/.worktrees/formal-scheduler-gap3/target/debug/deps/peritus_obligations-cbcbb3f03b23b6d5)

running 0 tests

test result: ok. 0 passed; 0 failed; 0 ignored; 0 measured; 0 filtered out; finished in 0.00s

     Running tests/canonical_encoding.rs (/home/doll/Project-Peritus/.worktrees/formal-scheduler-gap3/target/debug/deps/canonical_encoding-fd27d93f1fcc74d1)

running 1 test
test public_extraction_retains_the_existing_canonical_digest ... ok

test result: ok. 1 passed; 0 failed; 0 ignored; 0 measured; 0 filtered out; finished in 0.00s

     Running tests/evidence_binding.rs (/home/doll/Project-Peritus/.worktrees/formal-scheduler-gap3/target/debug/deps/evidence_binding-07bce8a60ae1af5c)

running 2 tests
test canonical_paths_distinguish_the_last_byte_and_clone_retains_them ... ok
test evidence_currentness_checks_every_requirement_and_ledger_byte ... ok

test result: ok. 2 passed; 0 failed; 0 ignored; 0 measured; 0 filtered out; finished in 0.00s

     Running tests/evidence_capabilities.rs (/home/doll/Project-Peritus/.worktrees/formal-scheduler-gap3/target/debug/deps/evidence_capabilities-ad47d9d3a4d38793)

running 5 tests
test external_effect_requires_public_boundary_completion ... ok
test lifecycle_simulation_cannot_replace_public_ingress ... ok
test malformed_html_claim_needs_a_real_browser_oracle ... ok
test performance_requires_current_same_workload_measurement ... ok
test request_and_response_schema_fields_are_directional ... ok

test result: ok. 5 passed; 0 failed; 0 ignored; 0 measured; 0 filtered out; finished in 0.00s

     Running tests/failure_matrix.rs (/home/doll/Project-Peritus/.worktrees/formal-scheduler-gap3/target/debug/deps/failure_matrix-88cd9e50aa9cd7a2)

running 2 tests
test ambiguity_asks_once_and_non_code_failures_recover_or_settle ... ok
test only_candidate_defects_request_a_fixer_cycle ... ok

test result: ok. 2 passed; 0 failed; 0 ignored; 0 measured; 0 filtered out; finished in 0.00s

     Running tests/foundation_semantics.rs (/home/doll/Project-Peritus/.worktrees/formal-scheduler-gap3/target/debug/deps/foundation_semantics-c32a025545c3a3b2)

running 6 tests
test condition_and_requirement_identity_errors_preserve_complete_details ... ok
test ledger_clone_preserves_exact_binary_clause_provenance_and_each_path_role ... ok
test limits_and_public_source_preserve_exact_admission_and_error_details ... ok
test path_validation_retains_size_and_first_pair_error_precedence ... ok
test public_extraction_retains_collection_and_interleaved_draft_error_priority ... ok
test public_extraction_retains_span_shape_path_and_alternative_error_priority ... ok

test result: ok. 6 passed; 0 failed; 0 ignored; 0 measured; 0 filtered out; finished in 0.00s

     Running tests/ledger_qualification_correspondence.rs (/home/doll/Project-Peritus/.worktrees/formal-scheduler-gap3/target/debug/deps/ledger_qualification_correspondence-028c0b890bb0ec79)

running 4 tests
test extraction_copies_binary_spans_and_matches_the_complete_identity ... ok
test incomplete_alternative_groups_keep_first_ledger_occurrence_order ... ok
test qualification_rejects_inputs_in_the_existing_public_error_order ... ok
test qualification_report_partitions_actual_verdicts_and_alternative_completion ... ok

test result: ok. 4 passed; 0 failed; 0 ignored; 0 measured; 0 filtered out; finished in 0.00s

     Running tests/performance_margins.rs (/home/doll/Project-Peritus/.worktrees/formal-scheduler-gap3/target/debug/deps/performance_margins-a6c5ed206c2a0530)

running 2 tests
test improvement_noise_cannot_hide_a_large_regression ... ok
test improvement_preserves_inclusive_and_full_width_boundaries ... ok

test result: ok. 2 passed; 0 failed; 0 ignored; 0 measured; 0 filtered out; finished in 0.00s

     Running tests/qualification_contracts.rs (/home/doll/Project-Peritus/.worktrees/formal-scheduler-gap3/target/debug/deps/qualification_contracts-b4ef0c0b6020f271)

running 2 tests
test qualification_keeps_first_error_and_every_payload_field ... ok
test qualification_requires_every_active_member_and_one_whole_alternative_branch ... ok

test result: ok. 2 passed; 0 failed; 0 ignored; 0 measured; 0 filtered out; finished in 0.00s

     Running tests/schema_semantics.rs (/home/doll/Project-Peritus/.worktrees/formal-scheduler-gap3/target/debug/deps/schema_semantics-32241696aa7eb249)

running 5 tests
test covers_is_exact_directional_required_field_membership ... ok
test evidence_constructor_accepts_empty_and_rejects_noncanonical_identities ... ok
test ledger_rejects_schema_variant_direction_mismatch ... ok
test requirement_constructor_enforces_full_identity_order_and_error_priority ... ok
test schema_field_retains_exact_identity_and_name_bounds ... ok

test result: ok. 5 passed; 0 failed; 0 ignored; 0 measured; 0 filtered out; finished in 0.00s

     Running tests/structure_matrix.rs (/home/doll/Project-Peritus/.worktrees/formal-scheduler-gap3/target/debug/deps/structure_matrix-0d6c887b7b052803)

running 5 tests
test conditional_output_activates_only_when_public_condition_holds ... ok
test example_clauses_are_informative_without_candidate_evidence ... ok
test ledger_retains_exact_clause_and_public_provenance ... ok
test one_complete_alternative_branch_is_required ... ok
test referenced_and_example_paths_are_not_mandatory_outputs ... ok

test result: ok. 5 passed; 0 failed; 0 ignored; 0 measured; 0 filtered out; finished in 0.00s

PASS	peritus-obligations	V
BEGIN	peritus-orchestrator	H	cargo test --package peritus-orchestrator --all-targets --all-features --locked
   Compiling peritus-orchestrator v0.0.2 (/tmp/gap3-pcr7-inventory-candidate/crates/orchestration/peritus-orchestrator)
    Finished `test` profile [unoptimized + debuginfo] target(s) in 3.95s
     Running unittests src/lib.rs (/home/doll/Project-Peritus/.worktrees/formal-scheduler-gap3/target/debug/deps/peritus_orchestrator-e68c2c34856c0794)

running 22 tests
test integration_tests::cancellation::ambiguous_child_settlement_truthfully_requires_human_judgment ... ok
test integration_tests::cancellation::cancellation_settles_owned_children_and_late_success_cannot_win ... ok
test integration_tests::cancellation::pause_acknowledges_every_live_child_and_resumes_only_exact_heads ... ok
test integration_tests::crash_matrix::crash_after_commit_before_publish_recovers_the_same_deliverable_directive ... ok
test integration_tests::crash_matrix::publish_ack_and_child_result_boundaries_have_distinct_restart_actions ... ok
test integration_tests::durability::claimed_acknowledgement_retry_resolves_the_exact_committed_batch ... ok
test integration_tests::durability::claimed_directive_acknowledgement_commits_with_outbox_settlement ... ok
test integration_tests::durability::conflicting_command_identity_and_missing_checkpoint_fail_closed ... ok
test integration_tests::durability::every_lifecycle_commit_restarts_to_the_exact_checkpoint ... ok
test integration_tests::durability::stale_claim_fence_rolls_back_the_whole_e0_append ... ok
test integration_tests::lifecycle::blocking_finding_fixer_revision_and_fresh_quality_cycle_reach_acceptance ... ok
test integration_tests::lifecycle::explicit_rejection_failure_and_exhaustion_preserve_distinct_truth ... ok
test integration_tests::lifecycle::one_field_contract_candidate_artifact_and_child_binding_drift_is_rejected ... ok
test integration_tests::lifecycle::writer_gates_review_b2_and_durable_b0_are_the_only_success_path ... ok
test product::tests::complete_is_impossible_without_exact_changed_target_evidence ... ok
test product::tests::external_effects_require_explicit_complete_evidence ... ok
test qualification::tests::every_h1_phase_is_reducer_reachable_and_replay_exact ... ok
test state::counters::tests::genesis_does_not_precount_writer_activation ... ok
test state::validation::tests::historical_gate_snapshot_must_equal_candidate_quality_snapshot ... ok
test wire::fixture_tests::accepted::accepted_checkpoint_requires_planned_begin_and_evaluate_observations ... ok
test wire::fixture_tests::canonical_corpus_is_exact_and_rejects_corruption ... ok
test wire::fixture_tests::observation_binding::checkpoint_rejects_stale_gate_snapshot_and_review_binding ... ok

test result: ok. 22 passed; 0 failed; 0 ignored; 0 measured; 0 filtered out; finished in 0.74s

     Running tests/domain_candidate.rs (/home/doll/Project-Peritus/.worktrees/formal-scheduler-gap3/target/debug/deps/domain_candidate-f828eea719c0a18a)

running 2 tests
test quality_snapshot_is_material_and_committed_by_candidate_digest ... ok
test zero_quality_snapshot_is_rejected ... ok

test result: ok. 2 passed; 0 failed; 0 ignored; 0 measured; 0 filtered out; finished in 0.00s

     Running tests/domain_identity_limits.rs (/home/doll/Project-Peritus/.worktrees/formal-scheduler-gap3/target/debug/deps/domain_identity_limits-d3ebb578a23e500c)

running 3 tests
test checked_identities_reject_zero_and_preserve_canonical_bytes ... ok
test every_limit_rejects_zero_or_compiled_ceiling_excess ... ok
test limits_retain_each_independent_dimension ... ok

test result: ok. 3 passed; 0 failed; 0 ignored; 0 measured; 0 filtered out; finished in 0.00s

     Running tests/domain_quality_cycle.rs (/home/doll/Project-Peritus/.worktrees/formal-scheduler-gap3/target/debug/deps/domain_quality_cycle-aead3a4b1dfc95e7)

running 2 tests
test cycle_requires_nonzero_gate_and_review_bindings ... ok
test cycle_validation_is_typed_to_the_current_candidate_revision ... ok

test result: ok. 2 passed; 0 failed; 0 ignored; 0 measured; 0 filtered out; finished in 0.00s

PASS	peritus-orchestrator	H
BEGIN	peritus-patch	H	cargo test --package peritus-patch --all-targets --all-features --locked
   Compiling peritus-patch v0.0.2 (/tmp/gap3-pcr7-inventory-candidate/crates/runtime/peritus-patch)
    Finished `test` profile [unoptimized + debuginfo] target(s) in 1.32s
     Running unittests src/lib.rs (/home/doll/Project-Peritus/.worktrees/formal-scheduler-gap3/target/debug/deps/peritus_patch-9ea5e756f1abf64e)

running 14 tests
test path::tests::accepts_normal_unicode_and_leading_dash_paths ... ok
test path::tests::rejects_traversal_aliases_devices_and_metadata ... ok
test set::tests::canonical_identity_does_not_depend_on_input_order ... ok
test transaction::tests::binding_mismatch_is_reported_without_effects ... ok
test transaction::tests::corrupt_manifest_is_quarantined_and_never_success ... ok
test transaction::tests::failure_after_directory_creation_restores_absence ... ok
test transaction::tests::failure_after_first_install_rolls_back_all_targets ... ok
test transaction::tests::nonempty_created_directory_is_indeterminate_not_restored ... ok
test transaction::tests::oversized_observation_never_matches_a_forged_empty_digest ... ok
test transaction::tests::parseable_same_length_manifest_tamper_is_quarantined_without_workspace_effect ... ok
test transaction::tests::prepared_transaction_recovers_without_touching_workspace ... ok
test transaction::tests::restart_recognizes_a_fully_installed_transaction ... ok
test transaction::tests::restart_recovers_a_partial_install_to_all_preimages ... ok
test transaction::tests::restart_removes_directory_created_before_first_target_effect ... ok

test result: ok. 14 passed; 0 failed; 0 ignored; 0 measured; 0 filtered out; finished in 0.02s

     Running tests/model.rs (/home/doll/Project-Peritus/.worktrees/formal-scheduler-gap3/target/debug/deps/model-fac340cac1512228)

running 4 tests
test duplicate_and_ancestor_targets_are_rejected ... ok
test line_endings_are_explicit_and_part_of_final_identity ... ok
test rejects_recovery_manifest_directory_overflow_during_planning ... ok
test stale_workspace_tuple_never_produces_a_plan ... ok

test result: ok. 4 passed; 0 failed; 0 ignored; 0 measured; 0 filtered out; finished in 3.65s

     Running tests/transaction.rs (/home/doll/Project-Peritus/.worktrees/formal-scheduler-gap3/target/debug/deps/transaction-89842f7231a681fe)

running 5 tests
test applies_create_replace_and_delete_as_one_real_transaction ... ok
test rejects_one_bad_preimage_before_any_target_changes ... ok
test rejects_oversized_preimage_before_application ... ok
test rejects_symlink_targets_without_following_them ... ok
test rejects_targets_inside_a_nested_git_worktree ... ok

test result: ok. 5 passed; 0 failed; 0 ignored; 0 measured; 0 filtered out; finished in 0.02s

PASS	peritus-patch	H
BEGIN	peritus-plugin-host	H	cargo test --package peritus-plugin-host --all-targets --all-features --locked
   Compiling tokio v1.53.1
   Compiling peritus-plugin-sdk v0.0.2 (/tmp/gap3-pcr7-inventory-candidate/crates/extensions/peritus-plugin-sdk)
   Compiling tempfile v3.27.0
   Compiling peritus-plugin-host v0.0.2 (/tmp/gap3-pcr7-inventory-candidate/crates/extensions/peritus-plugin-host)
    Finished `test` profile [unoptimized + debuginfo] target(s) in 8.42s
     Running unittests src/lib.rs (/home/doll/Project-Peritus/.worktrees/formal-scheduler-gap3/target/debug/deps/peritus_plugin_host-e2a23ea38cc19770)

running 0 tests

test result: ok. 0 passed; 0 failed; 0 ignored; 0 measured; 0 filtered out; finished in 0.00s

     Running tests/process_host.rs (/home/doll/Project-Peritus/.worktrees/formal-scheduler-gap3/target/debug/deps/process_host-f066ab3b8be98fb2)

running 5 tests
test authority_denial_occurs_before_plugin_effect ... ok
test cancellation_terminates_the_owned_plugin_process ... ok
test conformance::production_host_passes_all_seven_a2_plugin_cases ... ok
test discovery_trust_lifecycle_and_invocation_are_real_process_boundaries ... ok
test host_output_ceiling_and_duplicate_start_are_enforced ... ok

test result: ok. 5 passed; 0 failed; 0 ignored; 0 measured; 0 filtered out; finished in 0.26s

PASS	peritus-plugin-host	H
BEGIN	peritus-plugin-sdk	H	cargo test --package peritus-plugin-sdk --all-targets --all-features --locked
   Compiling peritus-plugin-sdk v0.0.2 (/tmp/gap3-pcr7-inventory-candidate/crates/extensions/peritus-plugin-sdk)
    Finished `test` profile [unoptimized + debuginfo] target(s) in 2.09s
     Running unittests src/lib.rs (/home/doll/Project-Peritus/.worktrees/formal-scheduler-gap3/target/debug/deps/peritus_plugin_sdk-8fabbe6b37b5afb2)

running 0 tests

test result: ok. 0 passed; 0 failed; 0 ignored; 0 measured; 0 filtered out; finished in 0.00s

     Running tests/contracts.rs (/home/doll/Project-Peritus/.worktrees/formal-scheduler-gap3/target/debug/deps/contracts-49d940839e92805a)

running 6 tests
test canonical_manifest_and_trust_material_are_stable ... ok
test duplicate_capability_names_are_rejected_even_when_other_fields_differ ... ok
test framed_protocol_roundtrips_and_rejects_trailing_or_oversized_input ... ok
test host_quota_intersection_never_widens_a_manifest ... ok
test payloads_are_canonical_and_recursively_bounded ... ok
test unsafe_entrypoints_and_unknown_manifest_fields_are_rejected ... ok

test result: ok. 6 passed; 0 failed; 0 ignored; 0 measured; 0 filtered out; finished in 0.00s

PASS	peritus-plugin-sdk	H
BEGIN	peritus-policy	V	cargo test --package peritus-policy --all-targets --all-features --locked
   Compiling peritus-policy v0.0.2 (/tmp/gap3-pcr7-inventory-candidate/crates/foundation/peritus-policy)
    Finished `test` profile [unoptimized + debuginfo] target(s) in 1.85s
     Running unittests src/lib.rs (/home/doll/Project-Peritus/.worktrees/formal-scheduler-gap3/target/debug/deps/peritus_policy-a3b1724def9cb7ba)

running 0 tests

test result: ok. 0 passed; 0 failed; 0 ignored; 0 measured; 0 filtered out; finished in 0.00s

     Running tests/policy.rs (/home/doll/Project-Peritus/.worktrees/formal-scheduler-gap3/target/debug/deps/policy-a16d97ed68c38af1)

running 42 tests
test cases::amendment::amendment_rejects_identity_tier_and_ceiling_violations ... ok
test cases::amendment::every_existing_tier_is_replaced_exactly_once ... ok
test cases::amendment::every_tier_can_be_inserted_as_the_only_changed_layer ... ok
test cases::amendment::policy_definition_rejects_a_second_policy_identity ... ok
test cases::amendment_trace::generated_amendment_and_rebind_results_match_independent_oracle ... ok
test cases::approval_epochs::approval_challenge_preserves_both_nondefault_validity_epochs ... ok
test cases::capability_time::every_scope_mismatch_preserves_the_complete_capability ... ok
test cases::capability_time::expired_and_regressing_capability_uses_do_not_consume ... ok
test cases::capability_time::half_open_time_and_move_only_failures_preserve_the_floor ... ok
test cases::capability_time::issuance_preserves_exact_scope_command_digest_use_and_time ... ok
test cases::capability_time::successful_uses_bind_exact_actions_and_decrement_once_until_exhausted ... ok
test cases::capability_trace::generated_authority_time_traces_match_independent_oracle_after_every_step ... ok
test cases::capability_trace::generated_capability_traces_match_full_independent_oracle_after_every_step ... ok
test cases::claim_fixtures::forged_malformed_and_stale_commit_claim_fixtures_are_rejected_without_consumption ... ok
test cases::constraints_approval::all_applicable_grants_constrain_even_when_coverage_is_already_complete ... ok
test cases::constraints_approval::approval_role_and_validity_conflicts_deny_instead_of_looping ... ok
test cases::constraints_approval::contradictory_grant_epochs_are_a_total_semantic_denial ... ok
test cases::constraints_approval::cross_epoch_approval_requirement_conflicts_with_effective_constraints ... ok
test cases::constraints_approval::deny_dominates_approval_and_grants_in_every_rule_order ... ok
test cases::constraints_approval::empty_layer_and_nonmatching_rule_are_neutral ... ok
test cases::constraints_approval::matching_approval_rules_form_the_exact_conjunction ... ok
test cases::constraints_approval::nonapplicable_grants_are_neutral_but_empty_applicable_intersections_deny ... ok
test cases::constructor_errors::ceiling_reports_the_exact_first_selector_containment_dimension ... ok
test cases::constructor_errors::duplicate_grants_report_the_grants_collection ... ok
test cases::constructor_errors::policy_reports_the_exact_first_rule_containment_dimension ... ok
test cases::evaluation_scope::every_identity_scope_dimension_is_checked_independently ... ok
test cases::evaluation_scope::every_revision_component_is_checked_independently ... ok
test cases::evaluation_scope::permission_atoms_never_expand_to_a_cartesian_product ... ok
test cases::evaluation_scope::union_of_exact_grants_authorizes_the_complete_pair_set ... ok
test cases::evaluation_scope::validity_and_use_dimensions_are_intersected_or_denied ... ok
test cases::generated::exhaustive_bounded_composition_never_increases_authority ... ok
test cases::generated::persisted_seed_cases_refine_the_independent_evaluator ... ok
test cases::monotonicity::independent_bounded_query_domain_shrinks_after_exactly_one_appended_layer ... ok
test cases::operation_roles::complete_role_operation_matrix_matches_compiled_separation ... ok
test cases::operation_roles::escalation_owns_the_exact_authenticated_risk_union_without_caller_downgrade ... ok
test cases::operation_roles::every_operation_class_requires_its_non_downgradable_risk ... ok
test cases::operation_roles::registry_lookup_is_exact_and_unknown_names_never_authorize ... ok
test cases::operation_roles::unknown_and_self_downgraded_operations_fail_against_the_policy_bound_registry ... ok
test cases::operation_roles::whole_request_risk_union_deduplicates_overlap_in_canonical_order ... ok
test cases::reference_model::independent_model_conjoins_approval_and_deny_dominates ... ok
test cases::reference_model::independent_model_denies_incomplete_pairs_and_empty_intersections ... ok
test cases::reference_model::independent_model_uses_union_coverage_and_all_applicable_constraints ... ok

test result: ok. 42 passed; 0 failed; 0 ignored; 0 measured; 0 filtered out; finished in 0.03s

PASS	peritus-policy	V
BEGIN	peritus-process	H	cargo test --package peritus-process --all-targets --all-features --locked
   Compiling peritus-artifact-store v0.0.2 (/tmp/gap3-pcr7-inventory-candidate/crates/state/peritus-artifact-store)
   Compiling peritus-journal v0.0.2 (/tmp/gap3-pcr7-inventory-candidate/crates/state/peritus-journal)
   Compiling peritus-process v0.0.2 (/tmp/gap3-pcr7-inventory-candidate/crates/runtime/peritus-process)
   Compiling peritus-test-support v0.0.2 (/tmp/gap3-pcr7-inventory-candidate/crates/app/testing/peritus-test-support)
    Finished `test` profile [unoptimized + debuginfo] target(s) in 11.51s
     Running unittests src/lib.rs (/home/doll/Project-Peritus/.worktrees/formal-scheduler-gap3/target/debug/deps/peritus_process-0cc6944dddc17199)

running 17 tests
test consumption::tests::recovery::claim_manifest_digest_mismatch_blocks_probe_and_terminal_classification ... ok
test consumption::tests::recovery::claim_without_manifest_is_an_explicit_indeterminate_recovery_entry ... ok
test consumption::tests::recovery::complete_terminal_and_artifact_publication_survive_reopen ... ok
test consumption::tests::recovery::completed_manifest_replacement_discards_stale_previous ... ok
test consumption::tests::recovery::interrupted_manifest_replacement_restores_previous_and_removes_staging ... ok
test consumption::tests::recovery::manifest_storage_faults_are_reached_truthful_and_recoverable ... ok
test consumption::tests::recovery::quarantined_process_records_remain_visible_after_reopen ... ok
test consumption::tests::recovery::unmatched_storage_fault_occurrence_is_a_negative_control ... ok
test consumption::tests::recovery::zero_retained_publication_completion_is_durable_and_idempotent ... ok
test native::observation::tests::native_lifecycle_validation_rejects_duplicate_and_out_of_order_phases ... ok
test output::window::tests::preserves_stream_bytes_without_exceeding_the_combined_tail_limit ... ok
test platform::resource::macos::tests::libproc_counts_preserve_optional_failures_and_buffer_bounds ... ok
test platform::resource::macos::tests::libproc_query_clears_stale_errno_before_observing_empty_group ... ok
test platform::resource::macos::tests::libproc_zero_with_error_is_unavailable_not_a_sampled_zero ... ok
test terminal::canonical_tests::complete_terminal_encoding_round_trips ... ok
test terminal::canonical_tests::corrupt_stream_accounting_is_rejected_during_decode ... ok
test terminal::canonical_tests::terminal_digest_binds_every_durable_fact_group ... ok

test result: ok. 17 passed; 0 failed; 0 ignored; 0 measured; 0 filtered out; finished in 0.02s

     Running unittests src/bin/peritus-native-helper-fixture.rs (/home/doll/Project-Peritus/.worktrees/formal-scheduler-gap3/target/debug/deps/peritus_native_helper_fixture-2f28140cc2a2b3dd)

running 0 tests

test result: ok. 0 passed; 0 failed; 0 ignored; 0 measured; 0 filtered out; finished in 0.00s

     Running unittests src/bin/peritus-process-fixture.rs (/home/doll/Project-Peritus/.worktrees/formal-scheduler-gap3/target/debug/deps/peritus_process_fixture-e45aeea414c2fa57)

running 0 tests

test result: ok. 0 passed; 0 failed; 0 ignored; 0 measured; 0 filtered out; finished in 0.00s

     Running tests/native_process_probe.rs (/home/doll/Project-Peritus/.worktrees/formal-scheduler-gap3/target/debug/deps/native_process_probe-d8519031838fcab2)

running 3 tests
test incomplete_birth_identity_is_never_live_or_terminable ... ok
test linux_probe_matches_birth_token_and_terminates_only_the_exact_isolated_group ... ok
test linux_probe_reports_a_missing_pid_as_exactly_absent ... ok

test result: ok. 3 passed; 0 failed; 0 ignored; 0 measured; 0 filtered out; finished in 0.00s

     Running tests/process_conformance.rs (/home/doll/Project-Peritus/.worktrees/formal-scheduler-gap3/target/debug/deps/process_conformance-8748ead011d2d057)

running 1 test
test production_process_passes_complete_a2_suite_with_fresh_case_subjects ... ok

test result: ok. 1 passed; 0 failed; 0 ignored; 0 measured; 0 filtered out; finished in 0.86s

     Running tests/process_integration.rs (/home/doll/Project-Peritus/.worktrees/formal-scheduler-gap3/target/debug/deps/process_integration-be7aea9eaed1acb2)

running 25 tests
test control_lifecycle::cancellation_publishes_one_terminal_owned_tree_result ... ok
test control_lifecycle::interrupt_signal_is_ordered_and_does_not_become_cancellation ... ok
test exact_committed_authority_launches_separate_bounded_pipe_streams ... ok
test holder_quiescence_requires_exact_terminal_correlated_manifests ... ok
test native_backend::lifecycle::exact_restricted_authority_runs_through_the_helper_and_releases_the_session ... ok
test native_backend::lifecycle::native_supervisor_resource_poll_uses_the_owned_resource_limit_path ... ok
test native_backend::lifecycle::restricted_helper_receives_the_exact_protected_anonymous_handle ... ok
test native_backend::lifecycle::restricted_pty_keeps_binary_helper_protocol_off_the_terminal_stream ... ok
test native_backend::rejection::descriptor_drift_never_calls_prepare_or_consumes_authority ... ok
test native_backend::rejection::invalid_prepared_session_cleanup_failure_remains_durably_incomplete ... ok
test native_backend::rejection::invalid_prepared_session_is_released_and_cannot_be_replayed ... ok
test native_backend::rejection::preparation_failure_is_durable_and_cannot_be_replayed ... ok
test native_backend::rejection::prepared_session_is_released_before_spawn_failure_is_published ... ok
test non_dispatched_action_is_rejected_before_durable_consumption ... ok
test regressions::artifact_failure_preserves_terminal_and_retry_resumes_per_stream ... ok
test regressions::disk_sampling_does_not_follow_workspace_symlink_cycles ... ok
test regressions::process_lifecycle::cancellation_after_output_preserves_first_reason_and_accounting ... ok
test regressions::process_lifecycle::inherited_environment_authority_cannot_bind_a_literal_value ... ok
test regressions::process_lifecycle::output_limit_reaps_a_descendant_holding_the_stream_open ... ok
test regressions::process_lifecycle::output_limit_terminates_and_reaps_the_owned_process ... ok
test regressions::process_lifecycle::post_spawn_control_failure_reaps_and_persists_terminal_failure ... ok
test regressions::process_lifecycle::process_count_overrun_is_observed_cancelled_and_classified ... ok
test regressions::process_lifecycle::resize_authority_rejects_pipe_and_denied_pty_without_stopping_owner ... ok
test regressions::process_lifecycle::root_exit_cleans_descendant_before_waiting_for_pipe_eof ... ok
test regressions::zero_output_artifact_publication_is_complete_and_idempotent ... ok

test result: ok. 25 passed; 0 failed; 0 ignored; 0 measured; 0 filtered out; finished in 0.93s

PASS	peritus-process	H
BEGIN	peritus-product-runner	H	cargo test --package peritus-product-runner --all-targets --all-features --locked
   Compiling peritus-product-runner v0.0.2 (/tmp/gap3-pcr7-inventory-candidate/crates/app/peritus-product-runner)
    Finished `test` profile [unoptimized + debuginfo] target(s) in 25.29s
     Running unittests src/lib.rs (/home/doll/Project-Peritus/.worktrees/formal-scheduler-gap3/target/debug/deps/peritus_product_runner-f16a5c38448709d9)

running 287 tests
test attachment::decode::tests::prior_default_image_output_is_conserved_in_animation_budget ... ok
test attachment::tests::all_supported_formats_decode_and_retain_exact_original_bytes_and_digest ... ok
test attachment::tests::complete_animation_frames_are_validated_with_an_exact_count_bound ... ok
test attachment::tests::complete_selection_rejects_count_aggregate_and_changed_provider_without_omission ... ok
test attachment::tests::image_dimensions_reject_a_small_encoded_bomb_before_pixel_decode ... ok
test attachment::tests::provider_capability_and_exact_encoded_byte_bound_are_enforced ... ok
test attachment::tests::signatures_without_pixels_and_truncated_pixels_are_not_images ... ok
test budget::resource_probe::tests::workspace_growth_ignores_git_storage_and_does_not_follow_links ... ok
test budget::tests::caller_run_horizon_is_bounded_and_drives_elapsed_budget ... ok
test budget::tests::completed_work_is_retained_when_a_hard_ceiling_rejects_the_next_boundary ... ok
test budget::tests::exact_numeric_ceilings_are_admitted_and_rejections_keep_their_priority ... ok
test budget::tests::later_explicit_total_replaces_the_derived_total_without_double_counting ... ok
test budget::tests::memory_and_workspace_growth_have_distinct_hard_failures ... ok
test budget::tests::provider_failovers_are_counted_separately_from_same_provider_retries ... ok
test budget::tests::rejected_model_request_preserves_prior_usage_and_every_counter ... ok
test budget::tests::replacement_subtracts_before_adding_and_rejects_missing_prior_contributions ... ok
test budget::tests::streaming_usage_replaces_each_response_snapshot_and_survives_failure ... ok
test budget::tests::successful_probe_closes_a_run_scoped_provider_circuit ... ok
test budget::tests::usage_replacement_rejection_preserves_totals_and_the_retained_response ... ok
test budget::tests::work_events_accumulate_without_a_successful_role_outcome ... ok
test budget::tests::workspace_growth_and_peak_memory_are_observed_at_effect_boundaries ... ok
test bundle::tests::diff_includes_changes_committed_after_the_run_baseline ... ok
test bundle::tests::diff_includes_untracked_text_files ... ok
test bundle::tests::diff_projects_dirty_nested_repository_files_into_outer_context ... ok
test bundle::tests::diff_reports_exact_permissions_separately_from_git_mode ... ok
test candidate::tests::candidate_expands_dirty_files_inside_an_untracked_nested_repository ... ok
test candidate::tests::candidate_includes_changes_committed_after_the_run_baseline ... ok
test candidate::tests::candidate_keeps_tracked_build_paths_but_omits_untracked_build_products ... ok
test candidate::tests::candidate_survives_restart_and_includes_new_modified_and_deleted_files ... ok
test context_config::sandbox_wire::tests::platform_fields_are_exact_and_roundtrip_without_widening ... ok
test control::brief::tests::brief_edits_share_immutable_queue_sources_and_do_not_release_a_held_requirement ... ok
test control::brief::tests::incorporated_brief_edits_become_new_corrections_without_rewriting_prior_sources ... ok
test control::brief::tests::ordinary_queue_edits_refresh_exact_brief_revision_but_not_unrelated_fields ... ok
test control::checkpoint::tests::same_run_can_advance_the_exact_owned_postimage_but_another_run_cannot ... ok
test control::files::tests::historical_files_retain_bytes_and_references_without_reusing_refresh_consent ... ok
test control::files::tests::refresh_preserves_original_version_and_fences_previous_context_generation ... ok
test control::files::tests::snapshot_or_held_references_cannot_refresh_and_deselection_retains_history ... ok
test control::files::tests::text_is_exact_and_invalid_ranges_binary_or_rebound_sources_reject ... ok
test control::goal::tests::graphical_evidence_is_independent_fresh_and_revision_fenced ... ok
test control::goal::tests::missing_usage_is_unknown_not_zero_and_cost_has_independent_provenance ... ok
test control::goal::tests::only_fresh_strict_settlement_achieves_goal ... ok
test control::goal::tests::pause_boundaries_do_not_admit_mutation_or_complete_from_model_text ... ok
test control::goal::tests::request_budget_is_reserved_before_admission_and_survives_resume ... ok
test control::identity::tests::exact_encoding_and_nonzero_validation_survive_explicit_deserialization ... ok
test control::images::tests::aggregate_limit_and_invalid_metadata_reject_without_dropping_any_selection ... ok
test control::images::tests::count_limit_is_exact_and_held_input_cannot_be_released_past_the_limit ... ok
test control::images::tests::empty_image_state_preserves_legacy_bytes_and_reference_operation_cannot_be_rebound ... ok
test control::inputs::tests::dependency_order_hold_withdraw_and_incorporation_reject_invalid_plans_without_mutation ... ok
test control::inputs::tests::editing_preserves_old_text_and_incorporated_text_requires_a_new_correction ... ok
test control::inputs::tests::historical_snapshot_preserves_context_but_holds_all_inherited_pending_work ... ok
test control::inputs::tests::malformed_import_and_capacity_fail_closed ... ok
test control::inputs::tests::request_capture_excludes_held_dependencies_and_tracks_every_mutation ... ok
test control::permissions::tests::narrowing_is_durable_and_broadening_above_host_rejects ... ok
test control::review::tests::anchors_reject_line_only_and_unsafe_path_identity ... ok
test control::review::tests::leave_alone_is_a_revisioned_input_and_stays_protected_until_dismissed ... ok
test control::tests::deserialization_cannot_construct_reserved_identifiers_or_unbounded_text ... ok
test control::tests::restore_capacity::applied_restore_invalidates_context_with_a_full_input_ledger ... ok
test control::tests::state_and_receipt_roundtrip_but_reject_changed_owner_and_unknown_generation ... ok
test delivery_requirement::tests::artifact_requests_and_workspace_scope_do_not_gain_an_effect_requirement ... ok
test delivery_requirement::tests::background_and_politeness_do_not_hide_a_promised_runtime_result ... ok
test delivery_requirement::tests::coordinated_build_and_install_requires_the_installed_result ... ok
test delivery_requirement::tests::live_operational_requests_require_effect_evidence ... ok
test design::artifact::tests::large_workspace_inventory_is_bounded_without_blocking_design ... ok
test design::artifact::tests::operational_design_requires_live_effect_and_fresh_verification ... ok
test design::artifact::tests::rendered_design_preserves_the_request_and_observed_inventory ... ok
test design::tests::artifact_workspace_marker_selects_the_deterministic_design_path ... ok
test design::tests::design_keeps_literal_values_and_scoped_rules_authoritative ... ok
test design::tests::design_requires_a_real_markdown_document ... ok
test design::tests::rejected_design_retry_explains_the_exact_heading_contract ... ok
test developer_tools::access_policy::tests::existing_private_read_exclusions_do_not_change_process_authority ... ok
test developer_tools::access_policy::tests::hard_constraint_allows_read_but_blocks_file_and_unconfined_process_writes ... ok
test developer_tools::access_policy::tests::opaque_query_contract_blocks_implementation_reads_and_hidden_state ... ok
test developer_tools::access_policy::tests::ordinary_repository_request_keeps_normal_access ... ok
test developer_tools::arguments::tests::every_catalog_schema_is_supported_and_read_only_definitions_agree ... ok
test developer_tools::arguments::tests::invalid_fields_are_rejected_instead_of_defaulted_or_coerced ... ok
test developer_tools::catalog::tests::mutating_catalog_declares_fresh_grounding_protocol ... ok
test developer_tools::command_budget::tests::command_is_refused_once_only_the_completion_reserve_remains ... ok
test developer_tools::command_budget::tests::late_command_is_clamped_before_the_completion_reserve ... ok
test developer_tools::command_budget::tests::ordinary_command_keeps_its_requested_timeout ... ok
test developer_tools::command_runtime::compactor::tests::compiled_compactor_contract_admits_exact_inputs_only ... ok
test developer_tools::command_runtime::compactor::tests::missing_or_directory_weights_never_allocate_process_authority ... ok
test developer_tools::command_runtime::folder_patch::tests::plan_cannot_be_committed_by_another_runtime_with_the_same_run_id ... ok
test developer_tools::command_runtime::folder_patch::tests::real_authority_applies_only_the_exact_c1_folder_patch_bytes ... ok
test developer_tools::command_runtime::ordinal::tests::independent_threads_reserve_distinct_numbers ... ok
test developer_tools::command_runtime::ordinal::tests::invalid_and_exhausted_stored_counters_are_never_reset ... ok
test developer_tools::command_runtime::ordinal::tests::legacy_shell_and_compactor_identities_are_preserved_including_gaps ... ok
test developer_tools::command_runtime::ordinal::tests::malformed_store_and_exhaustion_fail_without_resetting_identity ... ok
test developer_tools::command_runtime::ordinal::tests::reopening_and_stale_local_counters_do_not_reuse_reservations ... ok
test developer_tools::command_runtime::ordinal::tests::separate_runs_retain_independent_high_water_marks ... ok
test developer_tools::command_runtime::ordinal::tests::transient_writer_contention_waits_for_a_durable_reservation ... ok
test developer_tools::command_runtime::plan::tests::executable_resolution_preserves_multicall_name_and_normalizes_parent ... ok
test developer_tools::command_runtime::plan::tests::executable_resolution_rejects_dangling_symlinks ... ok
test developer_tools::command_runtime::preview::tests::controlled_preview_fixture ... ignored, subprocess fixture; invoked by the owned-preview test
test developer_tools::command_runtime::preview::tests::owned_preview_launches_accepts_input_and_stops_explicitly ... ok
test developer_tools::command_runtime::result::tests::stream_projection_preserves_head_and_tail ... ok
test developer_tools::command_runtime::tests::command_restart_fixture ... ok
test developer_tools::command_runtime::tests::commands_after_failed_start_and_runtime_reopen_execute_once_with_fresh_identities ... ok
test developer_tools::command_runtime::tests::idempotency_keys_are_stable_and_fixed_width ... ok
test developer_tools::evidence::tests::evidence_retains_recent_bounded_command_observations ... ok
test developer_tools::evidence::tests::only_explicit_successful_purposes_become_acceptance_evidence ... ok
test developer_tools::executor::inspection_progress::tests::identical_and_alternating_inspections_warn_then_stop ... ok
test developer_tools::executor::inspection_progress::tests::new_evidence_and_noninspection_work_reset_the_cycle ... ok
test developer_tools::executor::receipt_tests::append_effect_counter_fixture ... ignored, subprocess fixture invoked by the duplicate-effect regression
test developer_tools::executor::receipt_tests::completed_workspace_effect_replays_without_a_second_write ... ok
test developer_tools::executor::receipt_tests::disconnect::disconnect_retry_cannot_relaunch_a_durably_pending_command ...
running 1 test
test developer_tools::executor::receipt_tests::append_effect_counter_fixture ... ok

test result: ok. 1 passed; 0 failed; 0 ignored; 0 measured; 286 filtered out; finished in 0.00s


running 1 test
test developer_tools::executor::receipt_tests::append_effect_counter_fixture ... ok

test result: ok. 1 passed; 0 failed; 0 ignored; 0 measured; 286 filtered out; finished in 0.00s

ok
test developer_tools::executor::receipt_tests::reused_provider_call_id_cannot_dispatch_a_second_external_effect ... ok
test developer_tools::executor::tests::access::folder_private_state_is_excluded_from_read_list_and_search_even_after_contract_refresh ... ok
test developer_tools::executor::tests::access::read_only_tools_reject_undeclared_mutation_and_process_calls ... ok
test developer_tools::executor::tests::admission::absent_manifest_read_does_not_change_progress_or_block_greenfield_creation ... ok
test developer_tools::executor::tests::admission::bad_write_is_repairable_in_the_same_invocation_without_enrollment_or_effect ... ok
test developer_tools::executor::tests::admission::live_permission_narrowing_precedes_reads_scope_receipts_and_process_effects ... ok
test developer_tools::executor::tests::admission::malformed_command_is_rejected_before_a_receipt_or_process_can_start ... ok
test developer_tools::executor::tests::checkpoint::changed_write_captures_the_exact_preimage_before_the_effect ... ok
test developer_tools::executor::tests::checkpoint::checkpoint_failure_aborts_the_workspace_effect_and_unchanged_writes_skip_capture ... ok
test developer_tools::executor::tests::checkpoint::empty_directory_capture_precedes_removal_with_an_explicit_kind ... ok
test developer_tools::executor::tests::checkpoint::intervening_change_that_refuses_patch_never_reports_an_owned_mutation ... ok
test developer_tools::executor::tests::checkpoint::successful_command_seals_only_changed_scoped_paths_from_its_exact_receipt ... ok
test developer_tools::executor::tests::command::active_command_created_files_are_owned_after_terminal_observation ... ok
test developer_tools::executor::tests::command::active_commands_accept_terminal_input_and_reach_a_stable_result ... ok
test developer_tools::executor::tests::command::active_commands_cancel_the_owned_process_tree ... ok
test developer_tools::executor::tests::command::command_created_file_fixture ... ok
test developer_tools::executor::tests::command::command_created_files_can_be_removed_without_owning_unrelated_late_files ... ok
test developer_tools::executor::tests::command::command_output_fixture ... ok
test developer_tools::executor::tests::command::command_stdin_fixture ... ok
test developer_tools::executor::tests::command::command_timeout_fixture ... ok
test developer_tools::executor::tests::command::commands_accept_a_workspace_reached_through_a_filesystem_alias ... ok
test developer_tools::executor::tests::command::control::rejected_pipe_controls_preserve_the_active_command_handle ... ok
test developer_tools::executor::tests::command::missing_executable_returns_scoped_prerequisite_recovery_guidance ... ok
test developer_tools::executor::tests::command::signal::active_commands_deliver_interrupt_signal_to_the_owned_process ... ok
test developer_tools::executor::tests::command::structured_commands_drain_and_bound_both_output_streams ... ok
test developer_tools::executor::tests::command::structured_commands_shrink_to_preserve_the_product_completion_reserve ... ok
test developer_tools::executor::tests::command::structured_commands_time_out_without_freezing_the_agent ... ok
test developer_tools::executor::tests::exact_remove_preserves_late_external_evidence_and_blocks_shell_deletion ... ok
test developer_tools::executor::tests::existing_files_cannot_be_mutated_before_they_are_read ... ok
test developer_tools::executor::tests::inspection::read_only_inspection_and_real_delivery_do_not_exhaust_the_nudge_budget ... ok
test developer_tools::executor::tests::inspection::repeated_successful_listings_warn_and_block_without_resetting_grounding ... ok
test developer_tools::executor::tests::long_inspection_sequence_returns_one_concrete_delivery_nudge ... ok
test developer_tools::executor::tests::task_contract_keeps_opaque_implementation_out_of_tool_evidence ... ok
test developer_tools::executor::tests::workspace_reads_report_exact_posix_permissions ... ok
test developer_tools::executor::tests::workspace_remove_deletes_only_an_observed_empty_directory ... ok
test developer_tools::executor::tests::workspace_tools_inspect_edit_search_and_execute_without_a_shell ... ok
test developer_tools::executor::tests::workspace_write_reports_and_preserves_an_unchanged_file ... ok
test developer_tools::grounding::tests::empty_directory_removal_requires_exact_listing_evidence ... ok
test developer_tools::grounding::tests::existing_target_requires_repository_and_target_observation ... ok
test developer_tools::grounding::tests::observed_empty_repository_allows_new_files ... ok
test developer_tools::ownership::tests::ignored_folder_does_not_inherit_parent_repository_ownership ... ok
test developer_tools::ownership::tests::late_external_file_is_not_owned_by_the_product_run ... ok
test developer_tools::receipt::tests::append_after_truncated_tail_remains_replayable_after_another_restart ... ok
test developer_tools::receipt::tests::complete_corrupt_frame_fails_closed_without_truncation ... ok
test developer_tools::receipt::tests::completed_effect_replays_and_conflicting_request_is_refused ... ok
test developer_tools::receipt::tests::durable_receipt_state_rejects_inconsistent_result_fields ... ok
test developer_tools::receipt::tests::interrupted_command_is_durably_ambiguous_and_never_relaunched ... ok
test developer_tools::receipt::tests::interrupted_non_command_effect_remains_executable ... ok
test developer_tools::receipt::tests::ledger_byte_bound_accepts_exact_limit_and_rejects_one_byte_over ... ok
test developer_tools::receipt::tests::process_termination_preserves_receipt_decisions ... ok
test developer_tools::receipt::tests::receipt_process_child_fixture ... ignored, subprocess fixture; invoked by process_termination_preserves_receipt_decisions
test developer_tools::receipt::tests::receipt_read_errors_are_not_treated_as_an_empty_ledger ... ok
test developer_tools::receipt::tests::record_byte_bound_accepts_exact_limit_and_rejects_one_byte_over ... ok
test developer_tools::receipt::tests::repeated_provider_call_id_never_executes_a_second_effect ... ok
test developer_tools::receipt::tests::reused_provider_call_id_conflicts_on_each_identity_dimension ... ok
test developer_tools::resources::tests::admitted_commands_receive_cross_language_parallelism_defaults ... ok
test developer_tools::resources::tests::common_build_job_flags_are_recognized_without_inspecting_shell_text ... ok
test developer_tools::resources::tests::excessive_explicit_parallelism_is_rejected_before_spawn ... ok
test developer_tools::resources::tests::linux_resource_formats_are_parsed_conservatively ... ok
test engineering_workflow::tests::embedded_workflow_carries_the_hard_source_limit_for_every_role ... ok
test engineering_workflow::tests::reviewer_rejects_correlated_exact_extraction_evidence ... ok
test execution::acceptance::tests::external_effect_evidence_needs_an_action_and_a_fresh_verification ... ok
test execution::acceptance::tests::external_evidence_never_weakens_the_default_workspace_scope ... ok
test execution::acceptance::tests::partial_handoffs_do_not_label_failed_or_interrupted_gates_as_successful ... ok
test execution::checkpoint::tests::changed_candidate_stales_prior_gate_evidence ... ok
test execution::checkpoint::tests::conversation_revision_stales_prior_evidence ... ok
test execution::checkpoint::tests::fresh_reversion_clears_an_old_workspace_candidate ... ok
test execution::checkpoint::tests::retry_preserves_a_clean_review_when_failed_gates_are_reacquired ... ok
test execution::deadline::tests::active_window_always_preserves_a_finalization_reserve ... ok
test execution::deadline::tests::model_turns_stop_before_finalization_time_is_consumed ... ok
test execution::fix_progress::tests::a_changed_blocker_identity_starts_a_fresh_attempt_budget ... ok
test execution::fix_progress::tests::candidate_change_resets_the_unchanged_count ... ok
test execution::fix_progress::tests::candidate_permission_change_counts_as_fixer_progress ... ok
test execution::fix_progress::tests::changing_candidate_does_not_hide_a_persistent_blocker ... ok
test execution::fix_progress::tests::two_unchanged_fixer_cycles_exhaust_progress ... ok
test execution::obligations::tests::exact_public_text_becomes_a_qualified_requirement_only_after_review ... ok
test execution::obligations::tests::failed_obligation_routes_only_candidate_defects_to_the_fixer ... ok
test execution::resume::tests::conversation_change_restarts_at_design ... ok
test execution::resume::tests::durable_resume_rejects_an_unknown_version ... ok
test execution::resume::tests::durable_resume_retains_candidate_and_reacquires_effectful_gates ... ok
test execution::resume::tests::provider_retry_reuses_valid_design_and_resumes_review ... ok
test execution::resume::tests::report_retry_reuses_every_completed_execution_phase ... ok
test execution::settlement::tests::incomplete_candidate_names_each_missing_acceptance_boundary ... ok
test execution::settlement::tests::qualified_candidate_has_no_remaining_work ... ok
test failover::tests::capability_and_circuit_bypasses_do_not_reopen_provider_circuits ... ok
test failover::tests::progress_continues_bounded_segments_but_never_overrides_integrity_or_policy ... ok
test failover::tests::same_provider_role_recovery_is_transient_and_finite ... ok
test failover::tests::transient_terminals_allow_failover_but_policy_terminals_do_not ... ok
test gates::artifact_csv::tests::accepts_quoted_commas_quotes_and_newlines ... ok
test gates::artifact_csv::tests::gate_checks_only_changed_csv_artifacts ... ok
test gates::artifact_csv::tests::rejects_backslash_escaped_quotes_from_the_benchmark_regression ... ok
test gates::artifact_csv::tests::rejects_ragged_rows ... ok
test gates::deliverable_inventory::tests::accepts_exact_single_file_inventory ... ok
test gates::deliverable_inventory::tests::does_not_close_inventory_for_negated_or_ambiguous_language ... ok
test gates::deliverable_inventory::tests::rejects_compiler_byproduct_beside_requested_single_file ... ok
test gates::explicit_paths::tests::alternative_output_paths_require_one_member_instead_of_every_member ... ok
test gates::explicit_paths::tests::arithmetic_addition_does_not_make_a_later_example_input_an_output ... ok
test gates::explicit_paths::tests::attendee_email_is_not_mistaken_for_an_output_path ... ok
test gates::explicit_paths::tests::command_interpreter_is_not_mistaken_for_an_output_path ... ok
test gates::explicit_paths::tests::conditional_deliverables_are_not_universal_requirements ... ok
test gates::explicit_paths::tests::conditional_troubleshooting_commands_do_not_create_output_requirements ... ok
test gates::explicit_paths::tests::descriptive_extension_is_not_a_literal_path_but_a_dotfile_is ... ok
test gates::explicit_paths::tests::exact_output_passes_without_treating_command_products_as_required ... ok
test gates::explicit_paths::tests::generated_filename_placeholders_are_not_literal_output_paths ... ok
test gates::explicit_paths::tests::missing_nested_output_rejects_same_basename_at_workspace_root ... ok
test gates::explicit_paths::tests::output_verbs_do_not_leak_into_later_verification_sentences ... ok
test gates::explicit_paths::tests::prose_abbreviation_is_not_an_output_path ... ok
test gates::explicit_paths::tests::quoted_extensionless_executable_is_a_required_output ... ok
test gates::explicit_paths::tests::read_only_and_negated_paths_are_not_required_outputs ... ok
test gates::json_structure::tests::rejects_malformed_json ... ok
test gates::json_structure::tests::validates_only_changed_json_files_in_the_project ... ok
test gates::source_layout::tests::ignores_unchanged_and_generated_sources ... ok
test gates::source_layout::tests::product_scope_keeps_first_party_files_strict_and_skips_late_imports ... ok
test gates::source_layout::tests::rejects_a_rust_source_file_over_the_hard_limit ... ok
test gates::sqlite_migration::tests::executes_forward_twice_postcheck_and_rollback ... ok
test gates::sqlite_migration::tests::rejects_a_migration_that_fails_on_the_second_run ... ok
test gates::tests::artifact_layout_checks_candidate_sources_without_rejecting_untouched_vendor_code ... ok
test gates::tests::explicit_nested_output_cannot_be_satisfied_at_the_workspace_root ... ok
test gates::tests::nested_rust_target_cannot_be_satisfied_by_unrelated_root_tests ... ok
test gates::yaml_structure::tests::rejects_malformed_yaml ... ok
test gates::yaml_structure::tests::validates_only_changed_yaml_files_in_the_project ... ok
test local_context::semantic::tests::malformed_output_timeout_and_missing_local_runtime_use_deterministic_state ... ok
test local_context::semantic::tests::valid_local_proposal_uses_the_same_source_scope_and_atomic_update_validation ... ok
test local_context::storage::tests::a_missing_artifact_aborts_the_entire_c0_transaction ... ok
test local_context::storage::tests::checkpoint_roots_and_exact_artifacts_survive_restart ... ok
test local_context::storage::tests::ownership_and_scope_fail_closed ... ok
test local_context::storage::tests::unpublished_candidate_and_stale_generation_preserve_previous_checkpoint ... ok
test local_context::tests::a_precise_file_dependency_survives_unrelated_edits_and_invalidates_on_change ... ok
test local_context::tests::a_source_backed_failed_cause_survives_repeated_view_reductions ... ok
test local_context::tests::capacity::optional_working_entries_leave_room_for_policy_tools_and_message_framing ... ok
test local_context::tests::capacity::required_working_closure_uses_provider_headroom_and_survives_restart ... ok
test local_context::tests::folder::folder_memory_rejects_candidate_claims_and_private_file_dependencies ... ok
test local_context::tests::folder::folder_memory_reopens_and_file_validity_tracks_only_explicit_dependencies ... ok
test local_context::tests::inspection::inspection_keeps_exact_published_view_and_reports_unpublished_tail ... ok
test local_context::tests::invocation::current_policy_replaces_checkpoint_state_without_erasing_completed_tools ... ok
test local_context::tests::invocation::invocation_policy_is_included_in_capacity_and_origin_checks ... ok
test local_context::tests::later_literal_correction_is_pinned_and_prepared_failure_keeps_the_published_view ... ok
test local_context::tests::reasoning::assistant_reasoning_survives_local_archive_and_recovery_without_becoming_instructions ... ok
test local_context::tests::recovery::a_trace_committed_before_memory_is_ingested_once_after_restart ... ok
test local_context::tests::recovery::checkpoint_and_uncovered_pending_proposal_survive_without_claiming_execution ... ok
test local_context::tests::recovery::reused_provider_call_ids_are_distinct_completed_episodes ... ok
test local_context::tests::retrieval::bounded_pages_report_unreturned_handles_and_state_cursors_are_revision_bound ... ok
test local_context::tests::retrieval::exact_read_and_search_find_diagnostics_beyond_any_prefix_preview ... ok
test local_context::tests::reviewer::failed_reviewer_observations_remain_readable_without_derived_memory ... ok
test local_context::tests::updates_survive_observation_bookkeeping_and_reject_stale_or_forged_operations ... ok
test local_context::tools::secret_text::tests::credential_shapes_are_rejected_without_rejecting_security_guidance ... ok
test progress::tests::checkpoint_changes_only_when_candidate_content_changes ... ok
test progress::tests::checkpoint_changes_when_candidate_permissions_change ... ok
test progress::tests::checkpoint_changes_when_the_task_creates_a_commit ... ok
test review::tests::durable_clean_review_round_trip_can_continue_with_the_next_review ... ok
test review::tests::durable_ledger_round_trip_preserves_a_fixer_proposal ... ok
test review::tests::reviewer_boolean_is_rejected_and_advisory_remains_nonblocking ... ok
test reviewer_turn::tests::rejected_review_requires_fresh_authoritative_reads ... ok
test turn::evidence::tests::projection_bounds_first_turn_and_preserves_each_section ... ok
test turn::evidence::tests::smaller_provider_profiles_receive_smaller_evidence_packets ... ok
test turn::tests::external_effect_completion_may_retain_concise_steps ... ok
test turn::tests::external_effect_writer_attempts_scoped_prerequisites_before_escalating ... ok
test turn::tests::fresh_provider_recovery_requires_new_repository_grounding ... ok
test turn::tests::live_operational_delivery_rejects_helper_files_as_the_whole_result ... ok
test turn::tests::rejected_terminal_correction_requires_fresh_repository_grounding ... ok
test turn::tests::reviewer_bounds_oversized_initial_evidence_before_provider_compaction ... ok
test turn::tests::reviewer_checks_literal_request_independently_of_the_design ... ok
test turn::tests::reviewer_rechecks_conserved_finding_locations_after_fixes ... ok
test turn::tests::unchanged_question_is_challenged_with_confirmed_workspace_capabilities ... ok
test turn::tests::workspace_completion_requires_a_direct_run_command ... ok
test turn::tests::writer_batches_tools_and_respects_artifact_workspaces ... ok
test workspace_delivery::scope::tests::a_directory_declaration_cannot_conceal_undeclared_descendant_effects ... ok
test workspace_delivery::scope::tests::a_scoped_file_replaced_by_a_symlink_fails_before_reading_the_destination ... ok
test workspace_delivery::scope::tests::enrollment_is_not_progress_but_creation_edit_deletion_and_reversion_are ... ok
test workspace_delivery::scope::tests::exact_file_baseline_survives_reopen_without_inventory_or_rebaselining ... ok
test workspace_delivery::scope::tests::full_file_changes_beyond_the_preview_invalidate_freshness ... ok
test workspace_delivery::scope::tests::scope_rejects_protected_traversal_torn_and_forged_records ... ok
test workspace_filter::tests::recognizes_common_language_build_and_cache_trees ... ok
test workspace_media::folder::tests::greeting_never_discovers_or_attaches_unmentioned_images ... ok
test workspace_media::folder::tests::only_explicit_non_private_paths_are_attached ... ok
test workspace_media::tests::image_task_fails_explicitly_for_a_text_only_provider ... ok
test workspace_media::tests::manifest_paths_use_provider_neutral_separators ... ok
test workspace_media::tests::mentioned_image_directory_attaches_the_complete_bounded_collection ... ok
test workspace_media::tests::mentioned_source_directory_does_not_attach_descendant_screenshots ... ok
test workspace_media::tests::mentioned_workspace_image_is_attached_with_its_path ... ok
test workspace_media::tests::unrelated_image_is_not_added_to_a_text_task ... ok
test workspace_media::tests::verifier_reference_image_does_not_attach_unrelated_workspace_media ... ok

test result: ok. 284 passed; 0 failed; 3 ignored; 0 measured; 0 filtered out; finished in 10.50s

     Running tests/checkpoint_resume.rs (/home/doll/Project-Peritus/.worktrees/formal-scheduler-gap3/target/debug/deps/checkpoint_resume-45a47c1cae378023)

running 9 tests
test cancellation_during_review_preserves_a_pending_review_candidate ... ok
test deadline_cutoff_still_runs_finalization ... ok
test early_failure_after_durable_restore_retains_exact_candidate_paths ... ok
test effect_identity::resumed_writer_can_issue_a_different_first_effect_at_the_same_conversation_revision ... ok
test effect_identity::resumed_writer_keeps_distinct_effects_with_local_memory_disabled ... ok
test failing_gates_remain_a_candidate_when_the_fixer_provider_fails ... ok
test failure_during_fix_resumes_the_fixer_then_rechecks_and_accepts ... ok
test provider_failure_after_mutation_returns_the_exact_candidate ... ok
test reviewer_failure_resumes_review_without_design_writer_or_gates ... ok

test result: ok. 9 passed; 0 failed; 0 ignored; 0 measured; 0 filtered out; finished in 6.25s

     Running tests/external_effects.rs (/home/doll/Project-Peritus/.worktrees/formal-scheduler-gap3/target/debug/deps/external_effects-d49f300a4f3405bf)

running 3 tests
test authorized_external_effects_complete_without_a_synthetic_workspace_diff ... ok
test external_effect_command_fixture ... ok
test operational_request_needs_a_live_effect_even_when_supporting_files_change ... ok

test result: ok. 3 passed; 0 failed; 0 ignored; 0 measured; 0 filtered out; finished in 1.54s

     Running tests/in_place_recovery.rs (/home/doll/Project-Peritus/.worktrees/formal-scheduler-gap3/target/debug/deps/in_place_recovery-f8549e56658aecc6)

running 2 tests
test absent_reads_do_not_replenish_recovery_and_failed_roles_are_fully_accounted ... ok
test material_progress_cannot_restart_a_safety_terminal_or_switch_providers ... ok

test result: ok. 2 passed; 0 failed; 0 ignored; 0 measured; 0 filtered out; finished in 0.30s

     Running tests/production_composition.rs (/home/doll/Project-Peritus/.worktrees/formal-scheduler-gap3/target/debug/deps/production_composition-c4318fd498efd533)

running 4 tests
test exact_target_tool_edit_and_typed_review_are_required_for_completion ... ok
test fixer_cannot_erase_a_finding_without_fresh_reviewer_confirmation ... ok
test product_run_future_leaves_room_for_composing_callers ... ok
test provider_failure_before_first_response_retains_an_empty_trace ... ok

test result: ok. 4 passed; 0 failed; 0 ignored; 0 measured; 0 filtered out; finished in 2.31s

     Running tests/provider_failover.rs (/home/doll/Project-Peritus/.worktrees/formal-scheduler-gap3/target/debug/deps/provider_failover-4a25de8f754d29d6)

running 1 test
test unavailable_selected_provider_uses_consented_fallbacks_for_each_role ... ok

test result: ok. 1 passed; 0 failed; 0 ignored; 0 measured; 0 filtered out; finished in 0.81s

     Running tests/role_recovery.rs (/home/doll/Project-Peritus/.worktrees/formal-scheduler-gap3/target/debug/deps/role_recovery-7a7960cb2c82add1)

running 1 test
test roles_restart_after_exhausted_empty_and_interrupted_responses ... ok

test result: ok. 1 passed; 0 failed; 0 ignored; 0 measured; 0 filtered out; finished in 1.92s

     Running unittests examples/live_account_product_run.rs (/home/doll/Project-Peritus/.worktrees/formal-scheduler-gap3/target/debug/examples/live_account_product_run-1413bf99bb63ce95)

running 0 tests

test result: ok. 0 passed; 0 failed; 0 ignored; 0 measured; 0 filtered out; finished in 0.00s

PASS	peritus-product-runner	H
BEGIN	peritus-product-state	H	cargo test --package peritus-product-state --all-targets --all-features --locked
   Compiling peritus-product-state v0.0.2 (/tmp/gap3-pcr7-inventory-candidate/crates/app/peritus-product-state)
    Finished `test` profile [unoptimized + debuginfo] target(s) in 1.07s
     Running unittests src/lib.rs (/home/doll/Project-Peritus/.worktrees/formal-scheduler-gap3/target/debug/deps/peritus_product_state-6143572690dd8b7f)

running 12 tests
test provider::tests::failover_is_explicit_and_requires_two_routes ... ok
test provider::tests::old_state_shape_defaults_failover_off ... ok
test state::tests::canonical_round_trip_preserves_resume_phase ... ok
test state::tests::provider_selection_is_durable_and_idempotent ... ok
test state::tests::repeating_completed_effect_is_idempotent ... ok
test state::tests::skip_and_reversal_are_rejected ... ok
test state::tests::workspace_selection_round_trips_and_advances_once ... ok
test state::tests::zero_identity_is_rejected ... ok
test workspace::profile::tests::trust_requires_all_registration_facts ... ok
test workspace::selection::tests::activation_is_recent_unique_and_removal_selects_the_next_entry ... ok
test workspace::selection::tests::refreshing_a_trusted_workspace_replaces_its_old_registration ... ok
test workspace::selection::tests::replacing_a_trusted_repository_retains_its_daemon_registration ... ok

test result: ok. 12 passed; 0 failed; 0 ignored; 0 measured; 0 filtered out; finished in 0.00s

PASS	peritus-product-state	H
BEGIN	peritus-projection	H	cargo test --package peritus-projection --all-targets --all-features --locked
   Compiling peritus-projection v0.0.2 (/tmp/gap3-pcr7-inventory-candidate/crates/state/peritus-projection)
    Finished `test` profile [unoptimized + debuginfo] target(s) in 1.49s
     Running unittests src/lib.rs (/home/doll/Project-Peritus/.worktrees/formal-scheduler-gap3/target/debug/deps/peritus_projection-b1de0ab2c11d7165)

running 1 test
test replay::tests::scheduler_family_validation_accepts_v1_v2_and_rejects_v0_v3 ... ok

test result: ok. 1 passed; 0 failed; 0 ignored; 0 measured; 0 filtered out; finished in 0.00s

     Running tests/agent.rs (/home/doll/Project-Peritus/.worktrees/formal-scheduler-gap3/target/debug/deps/agent-fa10004da9f4ea5a)

running 2 tests
test projection_rejects_turn_identity_not_derived_from_agent_aggregate ... ok
test projection_tracks_latest_phase_digest_and_counters ... ok

test result: ok. 2 passed; 0 failed; 0 ignored; 0 measured; 0 filtered out; finished in 0.01s

     Running tests/conformance.rs (/home/doll/Project-Peritus/.worktrees/formal-scheduler-gap3/target/debug/deps/conformance-6b0114c8ac1126c1)

running 1 test
test production_replay_passes_a2_determinism_and_restart_conformance ... ok

test result: ok. 1 passed; 0 failed; 0 ignored; 0 measured; 0 filtered out; finished in 0.01s

     Running tests/rebuild.rs (/home/doll/Project-Peritus/.worktrees/formal-scheduler-gap3/target/debug/deps/rebuild-15535851af41a0c7)

running 8 tests
test artifact_projection_uses_actual_committed_dependency_digest ... ok
test corrupt_payload_is_replaced_by_a_new_active_generation ... ok
test journal_corruption_is_rejected_before_projection_replay ... ok
test lifecycle_fold_checks_envelope_and_evidence_fold_has_no_effect ... ok
test replay_accepts_supported_scheduler_schemas_only ... ok
test replay_rejects_unknown_typed_invalid_and_stale_revision_records ... ok
test shadow_rebuild_restart_checksum_and_atomic_swap ... ok
test stale_checkpoint_rebuilds_and_stale_swap_is_atomic ... ok

test result: ok. 8 passed; 0 failed; 0 ignored; 0 measured; 0 filtered out; finished in 0.08s

PASS	peritus-projection	H
BEGIN	peritus-protocol	H	cargo test --package peritus-protocol --all-targets --all-features --locked
   Compiling peritus-protocol v0.0.2 (/tmp/gap3-pcr7-inventory-candidate/crates/foundation/peritus-protocol)
    Finished `test` profile [unoptimized + debuginfo] target(s) in 2.27s
     Running unittests src/lib.rs (/home/doll/Project-Peritus/.worktrees/formal-scheduler-gap3/target/debug/deps/peritus_protocol-251c04f74325b38d)

running 0 tests

test result: ok. 0 passed; 0 failed; 0 ignored; 0 measured; 0 filtered out; finished in 0.00s

     Running unittests src/bin/peritus-protocol-codegen.rs (/home/doll/Project-Peritus/.worktrees/formal-scheduler-gap3/target/debug/deps/peritus_protocol_codegen-c45a15c2209ce190)

running 0 tests

test result: ok. 0 passed; 0 failed; 0 ignored; 0 measured; 0 filtered out; finished in 0.00s

     Running tests/acceptance.rs (/home/doll/Project-Peritus/.worktrees/formal-scheduler-gap3/target/debug/deps/acceptance-04784c24d63d7621)

running 2 tests
test complete_contract_roundtrips_and_reconstructs_checked_domain ... ok
test contract_digest_rejects_any_corrupted_advertised_value ... ok

test result: ok. 2 passed; 0 failed; 0 ignored; 0 measured; 0 filtered out; finished in 0.00s

     Running tests/agent.rs (/home/doll/Project-Peritus/.worktrees/formal-scheduler-gap3/target/debug/deps/agent-ae3e05db22c010c5)

running 5 tests
test all_agent_families_round_trip_exactly ... ok
test configured_opaque_bound_is_enforced ... ok
test debug_output_redacts_all_opaque_payload_bytes ... ok
test sequence_and_predecessor_must_describe_the_same_causal_head ... ok
test truncation_unknown_tags_digest_mismatch_and_trailing_bytes_are_rejected ... ok

test result: ok. 5 passed; 0 failed; 0 ignored; 0 measured; 0 filtered out; finished in 0.00s

     Running tests/budget.rs (/home/doll/Project-Peritus/.worktrees/formal-scheduler-gap3/target/debug/deps/budget-59e80caa4535f12b)

running 2 tests
test amounts_and_every_budget_command_roundtrip ... ok
test snapshots_receipts_and_failures_remain_inert_data ... ok

test result: ok. 2 passed; 0 failed; 0 ignored; 0 measured; 0 filtered out; finished in 0.00s

     Running tests/compatibility.rs (/home/doll/Project-Peritus/.worktrees/formal-scheduler-gap3/target/debug/deps/compatibility-51967cb4361f5f7f)

running 7 tests
test checked_in_agent_frames_are_exact_and_decodable ... ok
test checked_in_client_artifacts_are_exact_generator_output ... ok
test checked_in_compatibility_frames_are_exact_and_decodable ... ok
test f0_family_allocations_are_frozen ... ok
test family_registry_is_nonzero_unique_and_strictly_ordered ... ok
test lifecycle_registry_is_complete_unique_and_nonzero ... ok
test scheduler_families_dual_read_v1_v2_while_other_families_remain_v1_only ... ok

test result: ok. 7 passed; 0 failed; 0 ignored; 0 measured; 0 filtered out; finished in 0.00s

     Running tests/lifecycle.rs (/home/doll/Project-Peritus/.worktrees/formal-scheduler-gap3/target/debug/deps/lifecycle-a71df381f12e7f42)

running 5 tests
test envelope_preserves_revision_and_causal_predecessor ... ok
test error_record_and_malformed_values_are_closed ... ok
test every_command_variant_roundtrips ... ok
test every_event_kind_and_subject_roundtrips_as_inert_data ... ok
test every_phase_roundtrips ... ok

test result: ok. 5 passed; 0 failed; 0 ignored; 0 measured; 0 filtered out; finished in 0.00s

     Running tests/policy.rs (/home/doll/Project-Peritus/.worktrees/formal-scheduler-gap3/target/debug/deps/policy-9322f1eb3989fb92)

running 3 tests
test action_digest_binds_every_action_field ... ok
test amendment_digest_is_verified_before_domain_conversion ... ok
test complete_policy_definition_roundtrips_through_checked_constructors ... ok

test result: ok. 3 passed; 0 failed; 0 ignored; 0 measured; 0 filtered out; finished in 0.00s

     Running tests/registry_roles.rs (/home/doll/Project-Peritus/.worktrees/formal-scheduler-gap3/target/debug/deps/registry_roles-02626db7202ca3c3)

running 3 tests
test every_registered_family_has_one_stable_role ... ok
test registered_command_and_event_roles_are_complete_and_disjoint ... ok
test scheduler_roles_accept_both_registered_schema_versions ... ok

test result: ok. 3 passed; 0 failed; 0 ignored; 0 measured; 0 filtered out; finished in 0.00s

PASS	peritus-protocol	H
BEGIN	peritus-provider-anthropic	H	cargo test --package peritus-provider-anthropic --all-targets --all-features --locked
   Compiling subtle v2.6.1
   Compiling rustls v0.23.43
   Compiling tokio-rustls v0.26.4
   Compiling rustls-platform-verifier v0.7.0
   Compiling hyper-rustls v0.27.9
   Compiling reqwest v0.13.4
   Compiling peritus-provider-core v0.0.2 (/tmp/gap3-pcr7-inventory-candidate/crates/model/peritus-provider-core)
   Compiling peritus-provider-anthropic v0.0.2 (/tmp/gap3-pcr7-inventory-candidate/crates/model/peritus-provider-anthropic)
    Finished `test` profile [unoptimized + debuginfo] target(s) in 15.87s
     Running unittests src/lib.rs (/home/doll/Project-Peritus/.worktrees/formal-scheduler-gap3/target/debug/deps/peritus_provider_anthropic-371a7ea7aa3aabca)

running 34 tests
test client::tests::connect_is_retried_but_ambiguous_transport_is_not ... ok
test client::tests::explicit_rate_rejection_retries_and_authentication_does_not ... ok
test client::tests::http_success_with_a_non_stream_content_type_fails_as_malformed ... ok
test client::tests::missing_stream_negotiation_fails_before_credentials_or_transport ... ok
test client::tests::opencode_messages_uses_exact_gateway_operation_and_native_stream ... ok
test client::tests::sends_current_messages_contract_with_immediate_redacted_credentials ... ok
test conformance_tests::runner::production_adapter_passes_all_provider_cases_with_fresh_loopback_subjects ... ok
test error::tests::maybe_sent_transport_is_ambiguous_and_diagnostics_are_redacted ... ok
test error::tests::official_http_statuses_map_to_stable_typed_failures ... ok
test fixture_tests::fixture_manifest_is_complete_and_sha256_sums_match ... ok
test profile::tests::beta_header_configuration_is_unique_canonical_and_redacted ... ok
test profile::tests::only_the_exact_messages_dialect_and_lifecycle_are_accepted ... ok
test request::tests::forced_streaming_requires_exact_negotiation ... ok
test request::tests::minimal_request_matches_the_checked_golden_wire_shape ... ok
test request::tests::rich_tool_media_schema_and_thinking_replay_project_without_semantic_loss ... ok
test request::tests::system_instructions_are_projected_outside_messages ... ok
test runtime::output::tests::embedded_host_call_is_promoted_and_application_content_is_preserved ... ok
test runtime::output::tests::embedded_undeclared_host_call_still_fails_closed ... ok
test runtime::output::tests::empty_embedded_call_array_is_removed_from_terminal_application_json ... ok
test runtime::output::tests::fenced_tool_examples_in_public_content_are_not_promoted_by_healing ... ok
test runtime::output::tests::public_json_scalars_and_arrays_remain_ordinary_content ... ok
test runtime::output::tests::reported_runtime_failures_keep_recovery_relevant_causes ... ok
test runtime::tests::auth_malformed_reported_and_cancelled_paths_are_explicit_terminals ... ok
test runtime::tests::constrained_turn_disables_runtime_authority_and_normalizes_inert_output ... ok
test runtime::tests::direct_messages_profile_cannot_be_reused_for_the_runtime ... ok
test runtime::tests::runtime_healing_emits_private_audit_and_exact_arguments_without_extra_inference ... ok
test runtime::tests::selected_effort_reaches_claude_process_exactly_and_unmapped_levels_fail_before_process ... ok
test stream::tests::ancillary_unknown_is_preserved_but_http_success_error_is_terminal ... ok
test stream::tests::byte_fragmented_utf8_text_citations_usage_and_metadata_stay_ordered ... ok
test stream::tests::cancellation_discards_buffered_output_and_emits_only_cancellation ... ok
test stream::tests::completed_model_arguments_are_healed_but_truncation_is_not ... ok
test stream::tests::corrupt_incomplete_and_unknown_critical_streams_fail_closed ... ok
test stream::tests::empty_headers_do_not_create_metadata ... ok
test stream::tests::fragmented_tool_arguments_and_thinking_signature_replay_are_preserved ... ok

test result: ok. 34 passed; 0 failed; 0 ignored; 0 measured; 0 filtered out; finished in 0.72s

     Running unittests src/bin/claude_runtime_fake.rs (/home/doll/Project-Peritus/.worktrees/formal-scheduler-gap3/target/debug/deps/peritus_anthropic_claude_fake-a447fe2cf171dae5)

running 0 tests

test result: ok. 0 passed; 0 failed; 0 ignored; 0 measured; 0 filtered out; finished in 0.00s

     Running tests/claude_runtime_conformance.rs (/home/doll/Project-Peritus/.worktrees/formal-scheduler-gap3/target/debug/deps/claude_runtime_conformance-56bbe261401c5b45)

running 1 test
test claude_runtime_conformance::runner::claude_runtime_passes_all_cases_through_real_owned_processes ... ok

test result: ok. 1 passed; 0 failed; 0 ignored; 0 measured; 0 filtered out; finished in 0.37s

PASS	peritus-provider-anthropic	H
BEGIN	peritus-provider-compatible	H	cargo test --package peritus-provider-compatible --all-targets --all-features --locked
   Compiling peritus-provider-compatible v0.0.2 (/tmp/gap3-pcr7-inventory-candidate/crates/model/peritus-provider-compatible)
    Finished `test` profile [unoptimized + debuginfo] target(s) in 3.90s
     Running unittests src/lib.rs (/home/doll/Project-Peritus/.worktrees/formal-scheduler-gap3/target/debug/deps/peritus_provider_compatible-a3d12c58b519eef1)

running 29 tests
test tests::client::explicitly_mapped_request_identity_is_preserved_on_http_failure ... ok
test tests::client::production_client_sends_exact_endpoint_and_bearer_header ... ok
test tests::client::production_client_uses_the_separately_validated_chat_dialect ... ok
test tests::client::unsupported_request_rejects_before_credentials_and_transport ... ok
test tests::config::config_requires_an_exact_operation_path_and_safe_header_auth ... ok
test tests::config::dialect_and_capability_contracts_are_exact_and_fail_closed ... ok
test tests::conformance::runner::production_adapter_passes_all_provider_cases_with_fresh_subjects ... ok
test tests::fixtures::fixture_inventory_and_digests_are_complete_and_exact ... ok
test tests::hosted::connection_failures_identify_the_stage_and_preserve_http_without_provider_body ... ok
test tests::hosted::every_named_chat_contract_completes_generation_tools_usage_and_reasoning_replay ... ok
test tests::hosted::hosted_contract_cannot_be_attached_to_an_unrelated_endpoint ... ok
test tests::hosted::hosted_required_tool_choice_rejects_missing_or_different_calls ... ok
test tests::hosted::live_zen_deepseek_replay_completes_connection_with_nullable_tool_roles ... ok
test tests::hosted::openrouter::openrouter_accounting_cannot_carry_output_unknown_fields_or_repeated_finishes ... ok
test tests::hosted::openrouter::openrouter_error_with_http_200_never_qualifies_a_connection ... ok
test tests::request::both_dialects_have_distinct_stable_golden_requests ... ok
test tests::request::chat_usage_projection_matches_request_negotiation ... ok
test tests::request::streaming_is_rejected_before_wire_projection_when_not_negotiated ... ok
test tests::retry::ambiguous_submission_never_blindly_retries ... ok
test tests::retry::explicitly_mapped_429_and_5xx_rejections_retry_through_real_http ... ok
test tests::stream::both_compatible_dialects_heal_only_complete_tool_objects ... ok
test tests::stream::both_dialects_keep_tool_argument_fragments_as_ordered_text ... ok
test tests::stream::chat_refusal_has_its_own_item_and_http_success_errors_are_terminal_failures ... ok
test tests::stream::chat_text_accepts_null_tool_calls_without_accepting_malformed_calls ... ok
test tests::stream::chat_tool_deltas_accept_absent_roles_but_reject_role_changes ... ok
test tests::stream::compatible_structured_healing_does_not_change_ordinary_text ... ok
test tests::stream::corrupt_incomplete_and_unknown_critical_streams_fail_closed ... ok
test tests::stream::responses_and_chat_fragmented_success_normalize_terminal_usage_and_text ... ok
test tests::stream::responses_unknown_ancillary_is_preserved_bounded ... ok

test result: ok. 29 passed; 0 failed; 0 ignored; 0 measured; 0 filtered out; finished in 1.58s

PASS	peritus-provider-compatible	H
BEGIN	peritus-provider-core	H	cargo test --package peritus-provider-core --all-targets --all-features --locked
   Compiling peritus-provider-core v0.0.2 (/tmp/gap3-pcr7-inventory-candidate/crates/model/peritus-provider-core)
    Finished `test` profile [unoptimized + debuginfo] target(s) in 8.29s
     Running unittests src/lib.rs (/home/doll/Project-Peritus/.worktrees/formal-scheduler-gap3/target/debug/deps/peritus_provider_core-f5cd2b865eb34182)

running 7 tests
test endpoint::tests::literal_loopback_does_not_trust_dns_names_or_remote_addresses ... ok
test healing::tests::nested_arrays_keep_literal_values_and_valid_fragment_bytes ... ok
test healing::tests::rejects_truncation_ambiguity_duplicate_keys_types_and_invented_values ... ok
test healing::tests::repairs_complete_formatting_and_keeps_original_provenance ... ok
test healing::tests::tool_events_are_audited_before_valid_arguments_and_invalid_utf8_rejects ... ok
test healing::tests::valid_json_and_opaque_string_contents_are_never_rewritten ... ok
test hosted::catalog::tests::new_models_use_live_metadata_and_unknown_protocols_remain_unknown ... ok

test result: ok. 7 passed; 0 failed; 0 ignored; 0 measured; 0 filtered out; finished in 0.00s

     Running tests/account_catalog.rs (/home/doll/Project-Peritus/.worktrees/formal-scheduler-gap3/target/debug/deps/account_catalog-63f549d1471588cf)

running 3 tests
test claude_metadata_uses_control_initialization_without_a_user_prompt ... ok
test codex_metadata_initializes_and_lists_without_starting_a_thread_or_turn ... ok
test unavailable_runtime_and_presend_cancellation_do_not_invent_models ... ok

test result: ok. 3 passed; 0 failed; 0 ignored; 0 measured; 0 filtered out; finished in 0.01s

     Running tests/framing.rs (/home/doll/Project-Peritus/.worktrees/formal-scheduler-gap3/target/debug/deps/framing-fb8d3416ef0bc232)

running 4 tests
test framing_limits_unterminated_lines_and_disallows_use_after_finish ... ok
test ndjson_handles_crlf_empty_lines_utf8_fragments_and_final_record ... ok
test sse_dispatches_final_unterminated_event_and_rejects_invalid_utf8 ... ok
test sse_handles_fragmented_utf8_multiline_data_comments_and_done ... ok

test result: ok. 4 passed; 0 failed; 0 ignored; 0 measured; 0 filtered out; finished in 0.00s

     Running tests/framing_partitions.rs (/home/doll/Project-Peritus/.worktrees/formal-scheduler-gap3/target/debug/deps/framing_partitions-bc02419046c712d0)

running 5 tests
test carriage_return_allowance_does_not_widen_buffer_limit ... ok
test final_carriage_return_is_trimmed_consistently ... ok
test ndjson_exact_limit_crlf_survives_every_split ... ok
test pending_carriage_return_does_not_admit_over_limit_content ... ok
test sse_exact_limit_crlf_survives_every_split ... ok

test result: ok. 5 passed; 0 failed; 0 ignored; 0 measured; 0 filtered out; finished in 0.00s

     Running tests/model_catalog.rs (/home/doll/Project-Peritus/.worktrees/formal-scheduler-gap3/target/debug/deps/model_catalog-d149b5d9e64534ab)

running 7 tests
test anthropic_pagination_keeps_origin_and_preserves_exact_ids ... ok
test fireworks_uses_documented_metadata_and_pagination_and_together_uses_an_array ... ok
test google_pagination_preserves_explicit_generation_metadata ... ok
test hosted_catalog_failure_returns_no_bundled_model_and_metadata_failure_keeps_unknowns ... ok
test hosted_discovery_never_sends_credentials_to_opencode_metadata_or_adds_unlisted_models ... ok
test repeated_pagination_and_conflicting_duplicates_are_rejected ... ok
test unavailable_or_malformed_catalogs_never_return_a_fallback_or_leak_bodies ... ok

test result: ok. 7 passed; 0 failed; 0 ignored; 0 measured; 0 filtered out; finished in 0.00s

     Running tests/process_transport.rs (/home/doll/Project-Peritus/.worktrees/formal-scheduler-gap3/target/debug/deps/process_transport-f5ce37b57009978f)

running 5 tests
test output_limit_and_cancellation_terminate_and_observe_the_child ... ok
test process_transport_helper ... ok
test public_fake_seam_observes_owned_values_without_tokio_types ... ok
test request_validation_rejects_duplicates_and_invalid_limits ... ok
test tokio_transport_applies_argv_stdin_cwd_and_environment_removals ... ok

test result: ok. 5 passed; 0 failed; 0 ignored; 0 measured; 0 filtered out; finished in 0.03s

     Running tests/provider_interface.rs (/home/doll/Project-Peritus/.worktrees/formal-scheduler-gap3/target/debug/deps/provider_interface-d9df1f2a97cee81c)

running 6 tests
test adapter_boundary_rejects_profile_revision_drift ... ok
test early_eof_fails_closed_and_drop_cancels_live_work ... ok
test model_selection_is_immutable_deterministic_and_does_not_transfer_probe_evidence ... ok
test owned_stream_requires_and_remembers_a_normalized_terminal ... ok
test provider_default_continuation_restore_is_explicitly_unsupported ... ok
test provider_default_response_cancellation_performs_no_effect ... ok

test result: ok. 6 passed; 0 failed; 0 ignored; 0 measured; 0 filtered out; finished in 0.00s

     Running tests/qualification_recovery.rs (/home/doll/Project-Peritus/.worktrees/formal-scheduler-gap3/target/debug/deps/qualification_recovery-b3139085e27df741)

running 4 tests
test image_role_selects_only_an_authorized_capable_available_fallback ... ok
test real_minimal_canary_requires_usable_text_before_completion ... ok
test terminals_keep_distinct_causes_and_safe_next_actions ... ok
test unavailable_or_small_context_routes_fail_before_invocation ... ok

test result: ok. 4 passed; 0 failed; 0 ignored; 0 measured; 0 filtered out; finished in 0.00s

     Running tests/reqwest_transport.rs (/home/doll/Project-Peritus/.worktrees/formal-scheduler-gap3/target/debug/deps/reqwest_transport-c148e85d4ee1f7c2)

running 5 tests
test default_transport_classifies_connection_refusal_before_submission ... ok
test default_transport_does_not_follow_redirects_and_streams_owned_bytes ... ok
test default_transport_honors_pre_send_cancellation ... ok
test default_transport_interrupts_a_pending_body_read ... ok
test default_transport_rejects_oversized_content_length_before_body_reads ... ok

test result: ok. 5 passed; 0 failed; 0 ignored; 0 measured; 0 filtered out; finished in 0.12s

     Running tests/transport_retry.rs (/home/doll/Project-Peritus/.worktrees/formal-scheduler-gap3/target/debug/deps/transport_retry-8e177af6d206ba9d)

running 7 tests
test cancellation_is_idempotent_and_wakes_registered_waiters ... ok
test checked_backoff_is_cancellation_aware ... ok
test response_wrapper_enforces_chunk_and_cumulative_body_bounds ... ok
test retry_bounds_exhaustion_retry_after_and_jitter_are_checked ... ok
test retry_table_covers_every_submission_failure_and_protection_combination ... ok
test retry_table_distinguishes_safe_transient_and_terminal_failures ... ok
test retry_table_never_blindly_replays_ambiguous_or_partial_work ... ok

test result: ok. 7 passed; 0 failed; 0 ignored; 0 measured; 0 filtered out; finished in 0.00s

     Running tests/validation.rs (/home/doll/Project-Peritus/.worktrees/formal-scheduler-gap3/target/debug/deps/validation-7ce8a123c119485d)

running 6 tests
test adapter_error_factories_preserve_static_categories ... ok
test credential_source_and_diagnostics_do_not_format_sensitive_values ... ok
test endpoint_accepts_safe_http_and_https_urls ... ok
test endpoint_rejects_credentials_fragments_traversal_and_secret_queries ... ok
test headers_and_bodies_are_checked_and_debug_redacted ... ok
test status_and_http_limit_boundaries_are_checked ... ok

test result: ok. 6 passed; 0 failed; 0 ignored; 0 measured; 0 filtered out; finished in 0.00s

PASS	peritus-provider-core	H
BEGIN	peritus-provider-google	H	cargo test --package peritus-provider-google --all-targets --all-features --locked
   Compiling peritus-provider-google v0.0.2 (/tmp/gap3-pcr7-inventory-candidate/crates/model/peritus-provider-google)
    Finished `test` profile [unoptimized + debuginfo] target(s) in 2.70s
     Running unittests src/lib.rs (/home/doll/Project-Peritus/.worktrees/formal-scheduler-gap3/target/debug/deps/peritus_provider_google-f912d43a2fabb1c3)

running 27 tests
test client::tests::connect_retries_but_maybe_sent_transport_does_not ... ok
test client::tests::explicit_rate_rejection_retries_but_authentication_does_not ... ok
test client::tests::generate_numeric_error_envelope_remains_rate_limited_without_quota_evidence ... ok
test client::tests::missing_streaming_stops_before_credentials_and_transport ... ok
test client::tests::opencode_generate_content_preserves_prefix_and_native_stream ... ok
test client::tests::opencode_google_connection_check_uses_portable_schemas_and_matching_function_results ... ok
test client::tests::sends_header_auth_and_exact_stable_v1_routes_for_both_dialects ... ok
test client::tests::successful_non_sse_shape_is_malformed ... ok
test conformance_tests::runner::production_google_passes_all_cases_with_fresh_subjects ... ok
test error::tests::rate_quota_auth_and_transient_statuses_remain_distinct ... ok
test fixture_tests::every_manifest_artifact_has_an_exact_sha256_inventory_entry ... ok
test fixture_tests::manifest_is_stable_v1_only_and_covers_failure_contracts ... ok
test profile::tests::accepts_both_explicit_stable_v1_dialects ... ok
test profile::tests::unsupported_exact_resume_is_rejected_by_the_profile ... ok
test request::tests::forced_streaming_requires_exact_negotiation ... ok
test request::tests::minimal_requests_match_both_checked_golden_shapes ... ok
test request::tests::rich_tools_media_schema_cache_and_thought_replay_are_exact ... ok
test request::tests::system_audio_and_document_inputs_follow_each_dialect_shape ... ok
test stream::tests::ancillary_unknown_is_preserved_and_sse_error_is_terminal ... ok
test stream::tests::both_google_dialects_heal_structured_output_but_leave_public_prose_untouched ... ok
test stream::tests::cancellation_discards_buffered_provider_output ... ok
test stream::tests::corrupt_incomplete_and_unknown_critical_fail_closed ... ok
test stream::tests::fragmented_interactions_text_usage_cache_and_metadata_are_ordered ... ok
test stream::tests::generate_content_unwraps_audited_string_encoded_tool_arguments ... ok
test stream::tests::generate_text_tool_thinking_signature_and_final_usage_normalize ... ok
test stream::tests::interactions_heals_completed_arguments_with_audit_and_rejects_truncation ... ok
test stream::tests::tool_argument_fragments_close_only_after_complete_json ... ok

test result: ok. 27 passed; 0 failed; 0 ignored; 0 measured; 0 filtered out; finished in 0.68s

PASS	peritus-provider-google	H
BEGIN	peritus-provider-openai	H	cargo test --package peritus-provider-openai --all-targets --all-features --locked
   Compiling peritus-provider-openai v0.0.2 (/tmp/gap3-pcr7-inventory-candidate/crates/model/peritus-provider-openai)
    Finished `test` profile [unoptimized + debuginfo] target(s) in 7.07s
     Running unittests src/lib.rs (/home/doll/Project-Peritus/.worktrees/formal-scheduler-gap3/target/debug/deps/peritus_provider_openai-c7a68a2bfc7bf504)

running 31 tests
test runtime::provider::invocation::tests::selected_effort_reaches_the_owned_codex_process_unchanged ... ok
test tests::cancellation::known_background_response_can_be_cancelled_through_the_official_endpoint ... ok
test tests::cancellation::unknown_background_identity_is_rejected_before_credentials ... ok
test tests::catalog::arbitrary_discovered_model_is_used_by_the_actual_rebound_adapter_request ... ok
test tests::client::nonnegotiated_streaming_rejects_before_credentials_and_transport ... ok
test tests::client::persisted_exact_background_cursor_restores_only_for_its_bound_profile ... ok
test tests::client::production_subject_uses_bearer_auth_and_normalizes_fake_server_stream ... ok
test tests::conformance::runner::production_adapter_passes_all_provider_cases_with_fresh_subjects ... ok
test tests::fixtures::manifest_and_digests_cover_the_complete_immutable_corpus ... ok
test tests::request::exact_reasoning_efforts_reach_the_api_body_and_survive_canonical_replay ... ok
test tests::request::initial_reasoning_request_includes_encrypted_state_before_any_replay_exists ... ok
test tests::request::minimal_request_matches_the_official_contract_golden ... ok
test tests::request::nonnegotiated_streaming_fails_before_encoding ... ok
test tests::request::opencode_responses_preserves_gateway_path_and_stateless_wire_contract ... ok
test tests::request::realistic_request_projects_every_supported_request_family ... ok
test tests::retry::connect_rate_limit_and_server_rejections_retry_but_ambiguous_and_quota_do_not ... ok
test tests::runtime::decoder_accepts_current_lifecycle_and_exact_duplicates ... ok
test tests::runtime::decoder_classifies_common_runtime_failures_without_retaining_provider_text ... ok
test tests::runtime::decoder_rejects_corruption_incompletion_and_native_execution ... ok
test tests::runtime::inline_image_is_staged_outside_the_prompt_with_a_digest_descriptor ... ok
test tests::runtime::output::inert_updates_are_accepted_but_native_updates_still_fail_closed ... ok
test tests::runtime::output::native_healing_repairs_envelope_and_arguments_without_relaxing_tool_admission ... ok
test tests::runtime::output::preliminary_prose_is_accepted_only_with_an_exact_unambiguous_final_binding ... ok
test tests::runtime::output::required_tool_and_exact_argument_object_reject_unsafe_repairs ... ok
test tests::runtime::profile_and_projection_are_exact_and_minimum_safe ... ok
test tests::runtime::unsupported_capability_is_rejected_without_a_process ... ok
test tests::stream::ancillary_unknown_is_bounded_and_tool_fragments_remain_ordered ... ok
test tests::stream::corrupt_incomplete_unknown_critical_and_stream_error_fail_closed ... ok
test tests::stream::fragmented_success_reduces_to_exact_usage_and_terminal ... ok
test tests::stream::native_healing_preserves_terminal_binding_and_replays_audited_tool_calls ... ok
test tests::stream::structured_output_healing_does_not_rewrite_ordinary_prose ... ok

test result: ok. 31 passed; 0 failed; 0 ignored; 0 measured; 0 filtered out; finished in 0.79s

     Running unittests src/bin/codex_runtime_fake.rs (/home/doll/Project-Peritus/.worktrees/formal-scheduler-gap3/target/debug/deps/peritus_openai_codex_fake-82efd4724d5846c8)

running 0 tests

test result: ok. 0 passed; 0 failed; 0 ignored; 0 measured; 0 filtered out; finished in 0.00s

     Running tests/codex_runtime_conformance.rs (/home/doll/Project-Peritus/.worktrees/formal-scheduler-gap3/target/debug/deps/codex_runtime_conformance-964ea459b5022761)

running 2 tests
test codex_runtime_conformance::hardening::final_artifact_and_full_stream_are_checked_before_emitting_any_host_call ... ok
test codex_runtime_conformance::runner::codex_runtime_passes_all_cases_through_real_owned_processes ... ok

test result: ok. 2 passed; 0 failed; 0 ignored; 0 measured; 0 filtered out; finished in 0.40s

PASS	peritus-provider-openai	H
BEGIN	peritus-quality-policy	V	cargo test --package peritus-quality-policy --all-targets --all-features --locked
   Compiling peritus-quality-policy v0.0.2 (/tmp/gap3-pcr7-inventory-candidate/crates/foundation/peritus-quality-policy)
    Finished `test` profile [unoptimized + debuginfo] target(s) in 1.15s
     Running unittests src/lib.rs (/home/doll/Project-Peritus/.worktrees/formal-scheduler-gap3/target/debug/deps/peritus_quality_policy-bd0808b39e67af6a)

running 0 tests

test result: ok. 0 passed; 0 failed; 0 ignored; 0 measured; 0 filtered out; finished in 0.00s

     Running tests/acceptance.rs (/home/doll/Project-Peritus/.worktrees/formal-scheduler-gap3/target/debug/deps/acceptance-5ac5579f0ceddec1)

running 40 tests
test cases::authority::denied_waiver_for_non_blocking_finding_is_rejected_once ... ok
test cases::authority::explicit_valid_waiver_resolves_a_requested_blocker ... ok
test cases::authority::final_approval_uses_complete_authority_and_revision_identities ... ok
test cases::authority::forbidden_or_unapproved_waiver_never_resolves_a_blocker ... ok
test cases::authority::forbidden_waiver_for_non_blocking_finding_is_rejected_once ... ok
test cases::authority::required_human_approval_must_be_current_approved_and_from_declared_authority ... ok
test cases::authority::unexpected_approval_reports_the_complete_actor_identity ... ok
test cases::authority::wrong_authority_waiver_for_non_blocking_finding_is_rejected_once ... ok
test cases::canonicality::category_order_uses_every_byte_and_keeps_duplicate_vs_descending_errors ... ok
test cases::canonicality::finding_order_uses_every_byte_and_preserves_supplied_records ... ok
test cases::canonicality::nonadjacent_approval_subjects_compare_every_finding_byte ... ok
test cases::canonicality::resolution_freshness_covers_every_component_and_preserves_validation_precedence ... ok
test cases::canonicality::waiver_construction_allows_absent_approval_but_rejects_a_contradictory_subject ... ok
test cases::completion_limits::gate_attempt_at_limit_passes_and_next_attempt_is_rejected ... ok
test cases::completion_limits::maximum_u16_limits_do_not_overflow ... ok
test cases::completion_limits::observation_ordinals_are_one_based ... ok
test cases::completion_limits::review_cycle_at_limit_passes_and_next_cycle_is_rejected ... ok
test cases::construction::duplicate_and_descending_gate_observations_are_rejected ... ok
test cases::construction::duplicate_finding_across_reviews_is_rejected ... ok
test cases::construction::fixture_contract_remains_checked ... ok
test cases::construction::resolution_for_another_revision_is_rejected ... ok
test cases::construction::review_cycle_ordinals_are_unique_and_canonical ... ok
test cases::freshness::one_field_revision_drift_is_stale_for_every_tuple_dimension ... ok
test cases::freshness::stale_observations_do_not_satisfy_missing_current_requirements ... ok
test cases::gates_and_evidence::each_declared_gate_requires_a_current_passing_result ... ok
test cases::gates_and_evidence::every_required_artifact_identity_byte_must_match ... ok
test cases::gates_and_evidence::every_required_gate_identity_byte_must_match ... ok
test cases::gates_and_evidence::failed_and_missing_gates_never_accept ... ok
test cases::gates_and_evidence::missing_required_artifact_never_accepts ... ok
test cases::gates_and_evidence::unknown_gate_and_evidence_are_explicit_rejections ... ok
test cases::happy_path::complete_exact_revision_evidence_is_acceptable ... ok
test cases::reviews::every_configured_reviewer_independence_dimension_is_enforced ... ok
test cases::reviews::every_current_review_participates_in_independence_checks ... ok
test cases::reviews::every_required_review_category_identity_byte_must_match ... ok
test cases::reviews::independence_uses_all_actor_and_provenance_identity_bytes ... ok
test cases::reviews::missing_category_and_quorum_are_reported_together ... ok
test cases::reviews::open_blocker_rejects_but_current_resolution_satisfies_blocker_policy ... ok
test cases::reviews::reviewer_actor_reuse_follows_the_contract_flag ... ok
test cases::waiver_semantics::every_severity_threshold_preserves_open_and_freshly_resolved_behavior ... ok
test cases::waiver_semantics::invalid_waiver_priority_survives_later_approval_diagnostics ... ok

test result: ok. 40 passed; 0 failed; 0 ignored; 0 measured; 0 filtered out; finished in 0.01s

PASS	peritus-quality-policy	V
BEGIN	peritus-release-policy	V	cargo test --package peritus-release-policy --all-targets --all-features --locked
   Compiling peritus-release-policy v0.0.2 (/tmp/gap3-pcr7-inventory-candidate/crates/foundation/peritus-release-policy)
    Finished `test` profile [unoptimized + debuginfo] target(s) in 2.38s
     Running unittests src/lib.rs (/home/doll/Project-Peritus/.worktrees/formal-scheduler-gap3/target/debug/deps/peritus_release_policy-7bc79be2ebedd6fa)

running 3 tests
test catalog::tests::criterion_twenty_four_requires_every_release_artifact_class ... ok
test catalog::tests::stable_catalog_ids_are_contiguous ... ok
test error::tests::every_error_kind_has_a_stable_h4_code ... ok

test result: ok. 3 passed; 0 failed; 0 ignored; 0 measured; 0 filtered out; finished in 0.00s

     Running tests/acceptance.rs (/home/doll/Project-Peritus/.worktrees/formal-scheduler-gap3/target/debug/deps/acceptance-4bc022f51cf83baf)

running 4 tests
test complete_exact_evidence_is_ready_without_publication_authority ... ok
test decision_is_bound_to_the_exact_candidate_and_time ... ok
test every_final_qualification_check_is_required_for_admission ... ok
test every_required_artifact_fails_closed_when_removed ... ok

test result: ok. 4 passed; 0 failed; 0 ignored; 0 measured; 0 filtered out; finished in 0.02s

     Running tests/catalog.rs (/home/doll/Project-Peritus/.worktrees/formal-scheduler-gap3/target/debug/deps/catalog-7c55ef942dec9fdc)

running 3 tests
test every_criterion_has_at_least_one_required_artifact ... ok
test evidence_catalog_has_stable_unique_ids_and_sources ... ok
test production_catalog_is_exactly_twenty_five_stable_items ... ok

test result: ok. 3 passed; 0 failed; 0 ignored; 0 measured; 0 filtered out; finished in 0.00s

     Running tests/construction.rs (/home/doll/Project-Peritus/.worktrees/formal-scheduler-gap3/target/debug/deps/construction-e4edfedbd7f21c65)

running 8 tests
test digest_bound_candidate_components_preserve_fields_and_reject_zero ... ok
test evidence_collection_bound_is_enforced ... ok
test invalid_time_and_source_revision_bindings_are_rejected ... ok
test late_nonzero_identity_bytes_are_preserved_exactly ... ok
test platform_slots_are_nominal_not_positional_guesswork ... ok
test revision_bound_components_and_platform_matrix_preserve_every_field ... ok
test revision_errors_precede_later_digest_errors ... ok
test zero_nominal_identities_are_rejected ... ok

test result: ok. 8 passed; 0 failed; 0 ignored; 0 measured; 0 filtered out; finished in 0.00s

     Running tests/fail_closed.rs (/home/doll/Project-Peritus/.worktrees/formal-scheduler-gap3/target/debug/deps/fail_closed-3547060af7a9f2bb)

running 4 tests
test every_complete_candidate_identity_component_is_checked ... ok
test mismatched_candidate_evidence_is_diagnosed_and_excluded ... ok
test stale_evidence_is_diagnosed_and_cannot_contribute ... ok
test wrong_source_unreviewed_unsigned_and_conflict_are_distinct ... ok

test result: ok. 4 passed; 0 failed; 0 ignored; 0 measured; 0 filtered out; finished in 0.01s

     Running tests/permutation.rs (/home/doll/Project-Peritus/.worktrees/formal-scheduler-gap3/target/debug/deps/permutation-8a9e5ef7ce728211)

running 1 test
test evidence_permutations_preserve_verdict_digest_and_diagnostics ... ok

test result: ok. 1 passed; 0 failed; 0 ignored; 0 measured; 0 filtered out; finished in 0.00s

     Running tests/qualifications.rs (/home/doll/Project-Peritus/.worktrees/formal-scheduler-gap3/target/debug/deps/qualifications-ef6331090169cd7c)

running 4 tests
test conflicting_current_qualification_reports_block_release ... ok
test every_h_slice_is_required ... ok
test explicit_not_ready_qualification_blocks_release ... ok
test stale_and_unreviewed_qualifications_never_count_as_ready ... ok

test result: ok. 4 passed; 0 failed; 0 ignored; 0 measured; 0 filtered out; finished in 0.00s

     Running tests/reviews_and_findings.rs (/home/doll/Project-Peritus/.worktrees/formal-scheduler-gap3/target/debug/deps/reviews_and_findings-b7d58e27cdd59034)

running 5 tests
test ignored_and_quarantined_findings_are_never_release_ready ... ok
test independent_review_quorum_is_mandatory ... ok
test independent_waiver_can_resolve_a_nonblocking_finding ... ok
test self_review_changes_required_and_shared_context_each_block ... ok
test unresolved_release_blocker_cannot_be_waived ... ok

test result: ok. 5 passed; 0 failed; 0 ignored; 0 measured; 0 filtered out; finished in 0.00s

PASS	peritus-release-policy	V
BEGIN	peritus-review	H	cargo test --package peritus-review --all-targets --all-features --locked
   Compiling peritus-review v0.0.2 (/tmp/gap3-pcr7-inventory-candidate/crates/orchestration/peritus-review)
    Finished `test` profile [unoptimized + debuginfo] target(s) in 5.16s
     Running unittests src/lib.rs (/home/doll/Project-Peritus/.worktrees/formal-scheduler-gap3/target/debug/deps/peritus_review-6cb50df556cb1772)

running 10 tests
test product::finding::tests::advisory_is_nonblocking_in_every_category ... ok
test product::finding::tests::policy_still_blocks_material_findings ... ok
test product::finding::tests::stable_title_identity_ignores_updated_location_evidence ... ok
test product::ledger::tests::clean_reviews_restore_without_permitting_findings_outside_the_ledger_cycle ... ok
test product::ledger::tests::conserved_advisory_does_not_block_acceptance ... ok
test product::ledger::tests::omission_cannot_close_finding_until_fixer_and_fresh_review ... ok
test product::ledger::tests::repeated_finding_updates_location_without_forking_identity ... ok
test product::ledger::tests::restore_coalesces_pre_v2_location_duplicates_fail_closed ... ok
test wire::command::codec_tests::codec_command_and_event_round_trip_with_closed_tags ... ok
test wire::fixture_tests::canonical_binary_corpus_is_exact_and_rejects_closed_tag_or_trailing_corruption ... ok

test result: ok. 10 passed; 0 failed; 0 ignored; 0 measured; 0 filtered out; finished in 0.00s

     Running tests/codec_digests.rs (/home/doll/Project-Peritus/.worktrees/formal-scheduler-gap3/target/debug/deps/codec_digests-fba6e3511a4bbc9e)

running 1 test
test semantic_finding_digest_ignores_identity_provenance_and_confidence ... ok

test result: ok. 1 passed; 0 failed; 0 ignored; 0 measured; 0 filtered out; finished in 0.00s

     Running tests/domain_engine.rs (/home/doll/Project-Peritus/.worktrees/formal-scheduler-gap3/target/debug/deps/domain_engine-34a9d5c2cb6c3f99)

running 6 tests
test cancellation_budget_exhaustion_and_failure_never_become_completion ... ok
test checked_bounds_and_context_plan_binding_reject_invalid_input ... ok
test each_independence_fact_stays_visible_in_the_report ... ok
test external_waiver_is_consumed_exactly_and_revision_advance_resets_current_truth ... ok
test fixer_evidence_needs_independent_current_reviewer_confirmation ... ok
test independent_quorum_dimensions_and_truthful_completion ... ok

test result: ok. 6 passed; 0 failed; 0 ignored; 0 measured; 0 filtered out; finished in 0.01s

     Running tests/domain_freshness.rs (/home/doll/Project-Peritus/.worktrees/formal-scheduler-gap3/target/debug/deps/domain_freshness-a44e8f9ebfadc7f0)

running 1 test
test every_revision_tuple_component_is_an_independent_freshness_fence ... ok

test result: ok. 1 passed; 0 failed; 0 ignored; 0 measured; 0 filtered out; finished in 0.00s

     Running tests/domain_transitions.rs (/home/doll/Project-Peritus/.worktrees/formal-scheduler-gap3/target/debug/deps/domain_transitions-5e2f627f02706f1f)

running 5 tests
test dispute_invalidation_and_cycle_cancellation_follow_first_legal_transition ... ok
test proposed_supersession_needs_exact_independent_confirmation ... ok
test reconciliation_retains_all_sources_evidence_and_history ... ok
test repeated_fingerprint_and_cycle_exhaustion_finalize_needs_human ... ok
test worsening_maximum_severity_is_reported_as_regression ... ok

test result: ok. 5 passed; 0 failed; 0 ignored; 0 measured; 0 filtered out; finished in 0.01s

     Running tests/durability_restart.rs (/home/doll/Project-Peritus/.worktrees/formal-scheduler-gap3/target/debug/deps/durability_restart-20de25693bdac4e1)

running 3 tests
test absent_ahead_and_behind_checkpoints_fail_closed ... ok
test durability_restart_idempotency_conflict_and_checkpoint_corruption ... ok
test pause_resume_is_canonical_durable_idempotent_and_authority_neutral ... ok

test result: ok. 3 passed; 0 failed; 0 ignored; 0 measured; 0 filtered out; finished in 0.05s

     Running tests/replay_empty.rs (/home/doll/Project-Peritus/.worktrees/formal-scheduler-gap3/target/debug/deps/replay_empty-b400b8beb1c16dc7)

running 1 test
test replay_of_an_absent_review_aggregate_is_explicitly_empty ... ok

test result: ok. 1 passed; 0 failed; 0 ignored; 0 measured; 0 filtered out; finished in 0.01s

PASS	peritus-review	H
BEGIN	peritus-role	V	cargo test --package peritus-role --all-targets --all-features --locked
   Compiling peritus-role v0.0.2 (/tmp/gap3-pcr7-inventory-candidate/crates/orchestration/peritus-role)
    Finished `test` profile [unoptimized + debuginfo] target(s) in 0.70s
     Running unittests src/lib.rs (/home/doll/Project-Peritus/.worktrees/formal-scheduler-gap3/target/debug/deps/peritus_role-dcda3353b268cc9c)

running 0 tests

test result: ok. 0 passed; 0 failed; 0 ignored; 0 measured; 0 filtered out; finished in 0.00s

     Running tests/policy_boundaries.rs (/home/doll/Project-Peritus/.worktrees/formal-scheduler-gap3/target/debug/deps/policy_boundaries-cf2e9cf61c4448f1)

running 4 tests
test cloned_review_context_keeps_private_and_mutating_material_excluded ... ok
test context_errors_retain_first_pair_and_complete_payload ... ok
test independence_projection_keeps_all_combinations_distinct ... ok
test operation_permission_and_pair_errors_preserve_input_order ... ok

test result: ok. 4 passed; 0 failed; 0 ignored; 0 measured; 0 filtered out; finished in 0.00s

     Running tests/reviewer_independence.rs (/home/doll/Project-Peritus/.worktrees/formal-scheduler-gap3/target/debug/deps/reviewer_independence-2085101f6a4a1dfa)

running 1 test
test projection_preserves_every_contract_fact_and_requires_fresh_context ... ok

test result: ok. 1 passed; 0 failed; 0 ignored; 0 measured; 0 filtered out; finished in 0.00s

     Running tests/role_matrix.rs (/home/doll/Project-Peritus/.worktrees/formal-scheduler-gap3/target/debug/deps/role_matrix-d99b51dc931abd55)

running 7 tests
test checked_capability_views_preserve_exact_role_and_operation_membership ... ok
test checked_context_sets_reject_empty_duplicates_and_unordered_values ... ok
test every_b1_role_has_an_explicit_non_widening_profile ... ok
test every_required_and_contributable_class_is_visible ... ok
test harness_roles_map_exactly_to_b1 ... ok
test public_capability_constructor_rejects_widening_and_noncanonical_values ... ok
test writer_fixer_and_reviewer_separation_remains_exact ... ok

test result: ok. 7 passed; 0 failed; 0 ignored; 0 measured; 0 filtered out; finished in 0.00s

PASS	peritus-role	V
BEGIN	peritus-run-knowledge	V	cargo test --package peritus-run-knowledge --all-targets --all-features --locked
   Compiling peritus-run-knowledge v0.0.2 (/tmp/gap3-pcr7-inventory-candidate/crates/orchestration/peritus-run-knowledge)
    Finished `test` profile [unoptimized + debuginfo] target(s) in 1.47s
     Running unittests src/lib.rs (/home/doll/Project-Peritus/.worktrees/formal-scheduler-gap3/target/debug/deps/peritus_run_knowledge-1b432eab9c9b1356)

running 0 tests

test result: ok. 0 passed; 0 failed; 0 ignored; 0 measured; 0 filtered out; finished in 0.00s

     Running tests/admission.rs (/home/doll/Project-Peritus/.worktrees/formal-scheduler-gap3/target/debug/deps/admission-3c4cfad64642933a)

running 5 tests
test binding_preserves_role_sequence_source_error_precedence_and_future_sequence_admission ... ok
test every_limit_is_required_and_exact_maximum_values_are_retained ... ok
test section_and_request_validation_preserve_shape_size_and_member_error_precedence ... ok
test source_catalog_errors_retain_first_offending_identity_and_size_precedence ... ok
test source_order_uses_all_sixteen_bytes_and_matches_derived_order ... ok

test result: ok. 5 passed; 0 failed; 0 ignored; 0 measured; 0 filtered out; finished in 0.00s

     Running tests/delta_packet.rs (/home/doll/Project-Peritus/.worktrees/formal-scheduler-gap3/target/debug/deps/delta_packet-c27dec3fa8163b87)

running 4 tests
test delta_admission_preserves_error_precedence ... ok
test exact_late_bytes_and_dependency_material_drive_changed_facts ... ok
test exact_source_identity_and_authority_control_delivery ... ok
test packet_getters_accounting_and_clone_preserve_complete_public_result ... ok

test result: ok. 4 passed; 0 failed; 0 ignored; 0 measured; 0 filtered out; finished in 0.00s

     Running tests/knowledge_matrix.rs (/home/doll/Project-Peritus/.worktrees/formal-scheduler-gap3/target/debug/deps/knowledge_matrix-7f682f596eae36ec)

running 14 tests
test candidate_revision_invalidates_only_candidate_dependent_knowledge ... ok
test clarification_invalidates_named_requirements_design_and_candidate_dependents ... ok
test clarification_invalidation_closes_transitively_over_prior_entries ... ok
test conversation_delta_invalidates_conversation_and_candidate_dependent_knowledge ... ok
test delta_entries_remain_in_canonical_render_order ... ok
test future_observations_fail_closed_against_the_supplied_checkpoint ... ok
test late_identity_and_digest_bytes_are_part_of_freshness ... ok
test one_changed_source_invalidates_its_observations_and_dependents ... ok
test oversized_inventory_and_invalid_clarification_targets_fail_closed ... ok
test planner_emits_one_ordered_entry_per_section_and_partitions_accounting ... ok
test provider_failure_invalidates_no_repository_or_candidate_fact ... ok
test role_views_cannot_be_reused_across_writer_and_reviewer ... ok
test same_revision_reuses_every_authoritative_section_deterministically ... ok
test summaries_are_navigation_only_and_never_authoritative_evidence ... ok

test result: ok. 14 passed; 0 failed; 0 ignored; 0 measured; 0 filtered out; finished in 0.00s

     Running tests/snapshot_admission.rs (/home/doll/Project-Peritus/.worktrees/formal-scheduler-gap3/target/debug/deps/snapshot_admission-d293ec4c88025299)

running 4 tests
test required_reference_checks_follow_all_section_validation ... ok
test snapshot_checks_role_minimum_and_maximum_before_section_content ... ok
test snapshot_retains_section_order_then_lineage_role_time_dependency_error_priority ... ok
test snapshot_uses_its_own_checkpoint_without_reapplying_nested_allocation_bounds ... ok

test result: ok. 4 passed; 0 failed; 0 ignored; 0 measured; 0 filtered out; finished in 0.00s

     Running tests/topology.rs (/home/doll/Project-Peritus/.worktrees/formal-scheduler-gap3/target/debug/deps/topology-cc62cbce7aa46438)

running 2 tests
test snapshot_canonicality_uses_every_identity_byte ... ok
test snapshot_rejects_forward_and_missing_dependency_membership ... ok

test result: ok. 2 passed; 0 failed; 0 ignored; 0 measured; 0 filtered out; finished in 0.00s

PASS	peritus-run-knowledge	V
BEGIN	peritus-run-settlement	V	cargo test --package peritus-run-settlement --all-targets --all-features --locked
   Compiling peritus-run-settlement v0.0.2 (/tmp/gap3-pcr7-inventory-candidate/crates/orchestration/peritus-run-settlement)
    Finished `test` profile [unoptimized + debuginfo] target(s) in 0.46s
     Running unittests src/lib.rs (/home/doll/Project-Peritus/.worktrees/formal-scheduler-gap3/target/debug/deps/peritus_run_settlement-da77784b7e8125be)

running 0 tests

test result: ok. 0 passed; 0 failed; 0 ignored; 0 measured; 0 filtered out; finished in 0.00s

     Running tests/reducer.rs (/home/doll/Project-Peritus/.worktrees/formal-scheduler-gap3/target/debug/deps/reducer-da2e1de07eeb88ed)

running 9 tests
test accepted_requires_a_fully_qualified_current_candidate ... ok
test cancellation_recovery_and_user_wait_retain_a_qualified_candidate_without_accepting_it ... ok
test candidate_comparison_uses_every_identity_byte_and_ignores_only_checkpoint_sequence ... ok
test candidate_is_delivered_without_being_accepted ... ok
test every_stable_tag_round_trips_and_unknown_tags_reject ... ok
test every_terminal_cause_is_expressible_with_and_without_a_candidate ... ok
test evidence_from_another_candidate_is_rejected_or_stale ... ok
test reducer_rejects_nonadvancing_regressing_and_post_terminal_updates ... ok
test rejected_observations_and_terminal_updates_preserve_the_complete_reducer ... ok

test result: ok. 9 passed; 0 failed; 0 ignored; 0 measured; 0 filtered out; finished in 0.00s

PASS	peritus-run-settlement	V
BEGIN	peritus-sandbox	H	cargo test --package peritus-sandbox --all-targets --all-features --locked
   Compiling peritus-sandbox v0.0.2 (/tmp/gap3-pcr7-inventory-candidate/crates/runtime/peritus-sandbox)
    Finished `test` profile [unoptimized + debuginfo] target(s) in 1.66s
     Running unittests src/lib.rs (/home/doll/Project-Peritus/.worktrees/formal-scheduler-gap3/target/debug/deps/peritus_sandbox-fee0259da2deb0bc)

running 0 tests

test result: ok. 0 passed; 0 failed; 0 ignored; 0 measured; 0 filtered out; finished in 0.00s

     Running tests/backend_reference.rs (/home/doll/Project-Peritus/.worktrees/formal-scheduler-gap3/target/debug/deps/backend_reference-5bf8e01b5b144e6c)

running 6 tests
test admission_is_fail_closed_and_bound_to_backend_identity ... ok
test admission_requires_default_filesystem_and_descendant_denial_controls ... ok
test first_cancellation_reason_overrides_later_terminal_classification ... ok
test observation_capacity_drops_optional_events_but_retains_teardown ... ok
test preparation_detects_cross_plan_admission_and_faults_are_deterministic ... ok
test reference_backend_exercises_all_domains_and_complete_teardown ... ok

test result: ok. 6 passed; 0 failed; 0 ignored; 0 measured; 0 filtered out; finished in 0.00s

     Running tests/contracts.rs (/home/doll/Project-Peritus/.worktrees/formal-scheduler-gap3/target/debug/deps/contracts-61ea6e739f7b7930)

running 7 tests
test canonical_plan_digest_ignores_input_permutation_and_binds_target ... ok
test compile_rejects_operation_class_or_requirement_broadening ... ok
test domain_values_reject_ambiguous_or_nonportable_input ... ok
test filesystem_and_network_are_default_deny_with_deny_precedence ... ok
test ip_prefixes_clear_host_bits_before_identity_and_evaluation ... ok
test terminal_bound_fields_change_canonical_plan_identity ... ok
test terminal_bounds_validate_and_reject_each_one_over_requirement ... ok

test result: ok. 7 passed; 0 failed; 0 ignored; 0 measured; 0 filtered out; finished in 0.00s

     Running tests/production_conformance.rs (/home/doll/Project-Peritus/.worktrees/formal-scheduler-gap3/target/debug/deps/production_conformance-1e9c87a4d3d0d190)

running 1 test
test production_reference_adapter_passes_the_complete_a2_sandbox_suite ... ok

test result: ok. 1 passed; 0 failed; 0 ignored; 0 measured; 0 filtered out; finished in 0.00s

PASS	peritus-sandbox	H
BEGIN	peritus-sandbox-linux	H	cargo test --package peritus-sandbox-linux --all-targets --all-features --locked
   Compiling syn v2.0.119
   Compiling synstructure v0.13.2
   Compiling verus_builtin_macros v0.0.0-2026-08-09-0044 (https://github.com/verus-lang/verus.git?rev=92f466f247f45128c630d1c843fd6e27d2115587#92f466f2)
   Compiling serde v1.0.229
   Compiling verus_state_machines_macros v0.0.0-2026-08-02-0125 (https://github.com/verus-lang/verus.git?rev=92f466f247f45128c630d1c843fd6e27d2115587#92f466f2)
   Compiling vstd v0.0.0-2026-08-09-0044 (https://github.com/verus-lang/verus.git?rev=92f466f247f45128c630d1c843fd6e27d2115587#92f466f2)
   Compiling rustix v1.1.4
   Compiling peritus-types v0.0.2 (/tmp/gap3-pcr7-inventory-candidate/crates/foundation/peritus-types)
   Compiling toml_edit v0.25.13+spec-1.1.0
   Compiling num-traits v0.2.19
   Compiling enumflags2_derive v0.7.12
   Compiling enumflags2 v0.7.12
   Compiling proc-macro-crate v3.5.0
   Compiling zvariant_utils v4.2.0
   Compiling zvariant_derive v5.15.0
   Compiling zcheapstr v1.1.0
   Compiling num-integer v0.1.47
   Compiling polling v3.11.0
   Compiling async-io v2.6.0
   Compiling zvariant v5.15.0
   Compiling zbus_names v4.3.4
   Compiling async-signal v0.2.14
   Compiling num-bigint v0.4.8
   Compiling peritus-codec v0.0.2 (/tmp/gap3-pcr7-inventory-candidate/crates/foundation/peritus-codec)
   Compiling peritus-policy v0.0.2 (/tmp/gap3-pcr7-inventory-candidate/crates/foundation/peritus-policy)
   Compiling tracing-attributes v0.1.31
   Compiling tracing v0.1.44
   Compiling async-process v2.5.0
   Compiling num-rational v0.4.2
   Compiling zbus_macros v5.19.0
   Compiling num-iter v0.1.46
   Compiling num-complex v0.4.6
   Compiling peritus-spec v0.0.2 (/tmp/gap3-pcr7-inventory-candidate/crates/foundation/peritus-spec)
   Compiling uuid v1.25.0
   Compiling curve25519-dalek-derive v0.1.1
   Compiling async-recursion v1.1.1
   Compiling zbus v5.19.0
   Compiling curve25519-dalek v5.0.0
   Compiling peritus-quality-policy v0.0.2 (/tmp/gap3-pcr7-inventory-candidate/crates/foundation/peritus-quality-policy)
   Compiling num v0.4.3
   Compiling peritus-budget v0.0.2 (/tmp/gap3-pcr7-inventory-candidate/crates/foundation/peritus-budget)
   Compiling thiserror-impl v1.0.69
   Compiling thiserror v1.0.69
   Compiling secret-service v5.1.0
   Compiling peritus-kernel v0.0.2 (/tmp/gap3-pcr7-inventory-candidate/crates/foundation/peritus-kernel)
   Compiling ed25519-dalek v3.0.0
   Compiling peritus-sandbox v0.0.2 (/tmp/gap3-pcr7-inventory-candidate/crates/runtime/peritus-sandbox)
   Compiling fs4 v1.1.0
   Compiling peritus-artifact-store v0.0.2 (/tmp/gap3-pcr7-inventory-candidate/crates/state/peritus-artifact-store)
   Compiling zbus-secret-service-keyring-store v1.0.1
   Compiling peritus-approval v0.0.2 (/tmp/gap3-pcr7-inventory-candidate/crates/state/peritus-approval)
   Compiling peritus-protocol v0.0.2 (/tmp/gap3-pcr7-inventory-candidate/crates/foundation/peritus-protocol)
   Compiling filedescriptor v0.8.3
   Compiling peritus-leases v0.0.2 (/tmp/gap3-pcr7-inventory-candidate/crates/state/peritus-leases)
   Compiling portable-pty v0.9.0
   Compiling peritus-journal v0.0.2 (/tmp/gap3-pcr7-inventory-candidate/crates/state/peritus-journal)
   Compiling tempfile v3.27.0
   Compiling keyring v4.1.6
   Compiling process-wrap v9.1.0
   Compiling peritus-network v0.0.2 (/tmp/gap3-pcr7-inventory-candidate/crates/runtime/peritus-network)
   Compiling peritus-process v0.0.2 (/tmp/gap3-pcr7-inventory-candidate/crates/runtime/peritus-process)
   Compiling peritus-secrets v0.0.2 (/tmp/gap3-pcr7-inventory-candidate/crates/runtime/peritus-secrets)
   Compiling landlock v0.4.7
   Compiling seccompiler v0.5.0
   Compiling peritus-sandbox-linux v0.0.2 (/tmp/gap3-pcr7-inventory-candidate/crates/runtime/peritus-sandbox-linux)
    Finished `test` profile [unoptimized + debuginfo] target(s) in 1m 03s
     Running unittests src/lib.rs (/home/doll/Project-Peritus/.worktrees/formal-scheduler-gap3/target/debug/deps/peritus_sandbox_linux-42a72170240ddacf)

running 5 tests
test conformance::tests::linux_adapter_passes_complete_fresh_subject_a2_sandbox_suite ... ok
test exec_status::tests::close_on_exec_eof_is_success ... ok
test exec_status::tests::digest_bound_failure_is_typed ... ok
test native::seccomp_policy::tests::production_policy_compiles_for_each_supported_architecture ... ok
test session::tests::prepared_validation_failure_cleans_up_without_normal_release_observation ... ok

test result: ok. 5 passed; 0 failed; 0 ignored; 0 measured; 0 filtered out; finished in 0.01s

     Running unittests src/bin/peritus-linux-sandbox-helper.rs (/home/doll/Project-Peritus/.worktrees/formal-scheduler-gap3/target/debug/deps/peritus_linux_sandbox_helper-82e8ec95419de2b1)

running 0 tests

test result: ok. 0 passed; 0 failed; 0 ignored; 0 measured; 0 filtered out; finished in 0.00s

     Running tests/contracts.rs (/home/doll/Project-Peritus/.worktrees/formal-scheduler-gap3/target/debug/deps/contracts-62ffdf8853de353d)

running 9 tests
test absent_protected_root_overlapping_creation_fails_closed ... ok
test activation_record_is_fixed_and_corruption_detected ... ok
test error_detail_is_bounded_on_utf8_boundary ... ok
test filesystem_projection_is_deterministic_and_protected_metadata_dominates ... ok
test manifest_round_trip_is_deterministic_and_checksum_bound ... ok
test protected_root_alias_cannot_escape_the_workspace ... ok
test recovery_classification_distinguishes_owned_mismatch_and_clean_absence ... ok
test recovery_record_round_trip_and_absent_state_are_fail_closed ... ok
test refinement_predicates_deny_mismatch_and_require_empty_cleanup ... ok

test result: ok. 9 passed; 0 failed; 0 ignored; 0 measured; 0 filtered out; finished in 0.00s

     Running tests/native_enforcement.rs (/home/doll/Project-Peritus/.worktrees/formal-scheduler-gap3/target/debug/deps/native_enforcement-56a90b5967a45c5b)

running 11 tests
test helper_inherits_only_bound_secret_handle_and_installs_exact_environment ... ok
test helper_keeps_protocol_pipes_separate_from_target_pty ... ok
test helper_performs_bound_handshake_installs_controls_and_execs_literal_argv ... ok
test helper_rejects_corrupted_manifest_before_activation ... ok
test helper_rejects_missing_checked_pty_before_activation ... ok
test helper_self_attaches_to_manifest_cgroup_before_activation ... ok
test missing_and_nonfunctional_installations_never_advertise_support ... ok
test network::bubblewrapped_helper_bridges_only_the_managed_proxy_from_its_fresh_netns ... ok
test private_filesystem::private_root_admits_installed_inputs_but_hides_unrelated_host_files ... ok
test real_bubblewrap_enforces_writable_mount_and_read_only_metadata_mask ... ok
test real_probe_reports_host_facilities_without_false_cgroup_claims ... ok

test result: ok. 11 passed; 0 failed; 0 ignored; 0 measured; 0 filtered out; finished in 24.02s

PASS	peritus-sandbox-linux	H
BEGIN	peritus-sandbox-macos	H	cargo test --package peritus-sandbox-macos --all-targets --all-features --locked
   Compiling nix v0.31.3
   Compiling process-wrap v9.1.0
   Compiling peritus-network v0.0.2 (/tmp/gap3-pcr7-inventory-candidate/crates/runtime/peritus-network)
   Compiling peritus-process v0.0.2 (/tmp/gap3-pcr7-inventory-candidate/crates/runtime/peritus-process)
   Compiling peritus-sandbox-macos v0.0.2 (/tmp/gap3-pcr7-inventory-candidate/crates/runtime/peritus-sandbox-macos)
    Finished `test` profile [unoptimized + debuginfo] target(s) in 9.35s
     Running unittests src/lib.rs (/home/doll/Project-Peritus/.worktrees/formal-scheduler-gap3/target/debug/deps/peritus_sandbox_macos-2939e0b5a4a2ddde)

running 13 tests
test conformance_tests::macos_adapter_passes_complete_fresh_subject_a2_sandbox_suite ... ok
test exec_status::tests::authenticated_exec_failure_is_not_a_target_exit ... ok
test exec_status::tests::close_on_exec_eof_confirms_target_replacement ... ok
test resource_monitor::pids::tests::libproc_success_and_capacity_bound_are_distinct_from_query_errors ... ok
test resource_monitor::pids::tests::libproc_zero_with_error_cannot_be_a_complete_resource_sample ... ok
test resource_monitor::tests::resource_ceiling_comparison_is_exact_and_dimension_complete ... ok
test runner::materialized::tests::failed_activation_rolls_back_every_materialized_file ... ok
test secret::tests::canonical_secret_handles_reject_duplicate_destinations ... ok
test secret::tests::protected_secret_metadata_round_trips_without_payload_bytes ... ok
test session::cleanup::tests::release_cleanup_removes_materialized_file_for_any_preterminal_phase ... ok
test session::tests::lifecycle_is_ordered_bounded_and_release_is_idempotent ... ok
test session::tests::prepared_abandonment_cleans_without_normal_release_observation ... ok
test session::tests::target_reserved_range_exit_remains_exact_after_activation ... ok

test result: ok. 13 passed; 0 failed; 0 ignored; 0 measured; 0 filtered out; finished in 0.02s

     Running unittests src/bin/peritus-macos-sandbox-helper.rs (/home/doll/Project-Peritus/.worktrees/formal-scheduler-gap3/target/debug/deps/peritus_macos_sandbox_helper-7fc9c60c3c35db2b)

running 0 tests

test result: ok. 0 passed; 0 failed; 0 ignored; 0 measured; 0 filtered out; finished in 0.00s

     Running tests/contracts.rs (/home/doll/Project-Peritus/.worktrees/formal-scheduler-gap3/target/debug/deps/contracts-c7ba95d6e844efcf)

running 5 tests
test compiler_rejects_unrepresentable_metadata_split_and_requires_proxy_for_egress ... ok
test manifest_round_trip_is_canonical_and_tamper_evident ... ok
test non_macos_system_probe_is_strictly_unsupported ... ok
test profile_is_deterministic_escapes_paths_and_protects_metadata ... ok
test recovery_classification_never_claims_mismatched_ownership ... ok

test result: ok. 5 passed; 0 failed; 0 ignored; 0 measured; 0 filtered out; finished in 0.00s

     Running tests/native_probe.rs (/home/doll/Project-Peritus/.worktrees/formal-scheduler-gap3/target/debug/deps/native_probe-bf60bf078ace54a5)

running 0 tests

test result: ok. 0 passed; 0 failed; 0 ignored; 0 measured; 0 filtered out; finished in 0.00s

PASS	peritus-sandbox-macos	H
BEGIN	peritus-sandbox-windows	H	cargo test --package peritus-sandbox-windows --all-targets --all-features --locked
   Compiling peritus-sandbox-windows v0.0.2 (/tmp/gap3-pcr7-inventory-candidate/crates/runtime/peritus-sandbox-windows)
    Finished `test` profile [unoptimized + debuginfo] target(s) in 3.36s
     Running unittests src/lib.rs (/home/doll/Project-Peritus/.worktrees/formal-scheduler-gap3/target/debug/deps/peritus_sandbox_windows-5a9fc33591d73684)

running 1 test
test filesystem::path::tests::trusted_canonical_drive_path_removes_only_the_extended_length_prefix ... ok

test result: ok. 1 passed; 0 failed; 0 ignored; 0 measured; 0 filtered out; finished in 0.00s

     Running unittests src/bin/peritus-windows-sandbox-helper.rs (/home/doll/Project-Peritus/.worktrees/formal-scheduler-gap3/target/debug/deps/peritus_windows_sandbox_helper-7cb494113c88ff17)

running 0 tests

test result: ok. 0 passed; 0 failed; 0 ignored; 0 measured; 0 filtered out; finished in 0.00s

     Running tests/contracts.rs (/home/doll/Project-Peritus/.worktrees/formal-scheduler-gap3/target/debug/deps/contracts-ad4539f54b434d22)

running 10 tests
test acl_projection_is_deterministic_operation_complete_and_deny_dominant ... ok
test app_container_sid_derivation_requires_a_native_windows_host ... ok
test descriptor_admission_and_inert_config_fail_closed ... ok
test external_inference_inputs_require_explicit_admission_and_cannot_be_writable ... ok
test managed_wfp_policy_identity_binds_controller_target_plan_and_proxy ... ok
test manifest_round_trip_binds_every_domain_and_preserves_target_input ... ok
test paths_reject_device_ads_reserved_and_escape_forms ... ok
test prepared_abort_cleanup_is_canonical_and_proves_clean_absence ... ok
test recovery_record_is_canonical_monotonic_and_never_guesses_ownership ... ok
test supported_backend_admits_deny_all_without_starting_native_effects ... ok

test result: ok. 10 passed; 0 failed; 0 ignored; 0 measured; 0 filtered out; finished in 0.01s

     Running tests/native_enforcement.rs (/home/doll/Project-Peritus/.worktrees/formal-scheduler-gap3/target/debug/deps/native_enforcement-3c5e4e94cbe0873b)

running 0 tests

test result: ok. 0 passed; 0 failed; 0 ignored; 0 measured; 0 filtered out; finished in 0.00s

     Running tests/windows_conformance.rs (/home/doll/Project-Peritus/.worktrees/formal-scheduler-gap3/target/debug/deps/windows_conformance-80666a6aa76794dc)

running 1 test
test windows_adapter_passes_the_complete_a2_sandbox_suite ... ok

test result: ok. 1 passed; 0 failed; 0 ignored; 0 measured; 0 filtered out; finished in 0.00s

PASS	peritus-sandbox-windows	H
BEGIN	peritus-scheduler	H	cargo test --package peritus-scheduler --all-targets --all-features --locked
   Compiling peritus-scheduler v0.0.2 (/tmp/gap3-pcr7-inventory-candidate/crates/orchestration/peritus-scheduler)
    Finished `test` profile [unoptimized + debuginfo] target(s) in 7.81s
     Running unittests src/lib.rs (/home/doll/Project-Peritus/.worktrees/formal-scheduler-gap3/target/debug/deps/peritus_scheduler-8bf2480f0a8e444e)

running 12 tests
test identity::tests::dispatch_id_precedes_matches_derived_order_at_every_byte ... ok
test identity::tests::work_id_precedes_matches_derived_order_at_every_byte ... ok
test identity::tests::worker_id_precedes_matches_derived_order_at_every_byte ... ok
test reducer::apply::cancellation::tests::disconnected_parent_cycle_is_not_selected ... ok
test reducer::apply::cancellation::tests::missing_parent_is_safe_whether_or_not_it_is_the_requested_root ... ok
test reducer::apply::cancellation::tests::reached_parent_cycle_is_finite_and_selects_the_whole_component ... ok
test reducer::apply::cancellation::tests::shuffled_input_preserves_the_exact_selected_subsequence ... ok
test reducer::apply::cancellation::tests::terminal_ancestor_carries_reachability_but_is_not_selected ... ok
test resource::subtraction::tests::zero_quantity_preserves_absent_dimension_and_underflow_precedence ... ok
test state::queue::tests::legacy_decoder_counts_active_ownership_even_when_reservations_are_missing ... ok
test state::queue::tests::strict_decoder_counts_each_waiting_and_recoverable_active_category_under_every_policy ... ok
test wire::fixture_tests::canonical_binary_corpus_is_exact_and_rejects_wrong_family_or_trailing_bytes ... ok

test result: ok. 12 passed; 0 failed; 0 ignored; 0 measured; 0 filtered out; finished in 0.01s

     Running tests/binding_digest.rs (/home/doll/Project-Peritus/.worktrees/formal-scheduler-gap3/target/debug/deps/binding_digest-f75bb5d54d915140)

running 1 test
test canonical_binding_digest_is_stable_and_commits_every_binding_dimension ... ok

test result: ok. 1 passed; 0 failed; 0 ignored; 0 measured; 0 filtered out; finished in 0.00s

     Running tests/cancellation_tree.rs (/home/doll/Project-Peritus/.worktrees/formal-scheduler-gap3/target/debug/deps/cancellation_tree-5b7c4d6498283a22)

running 3 tests
test active_descendants_keep_ownership_until_each_cancellation_is_acknowledged ... ok
test reverse_order_tree_crosses_terminal_ancestor_and_preserves_other_branches ... ok
test single_cancel_is_root_only_and_rejections_leave_state_unchanged ... ok

test result: ok. 3 passed; 0 failed; 0 ignored; 0 measured; 0 filtered out; finished in 0.01s

     Running tests/canonical_lookup.rs (/home/doll/Project-Peritus/.worktrees/formal-scheduler-gap3/target/debug/deps/canonical_lookup-1a1c0c2846752380)

running 1 test
test admission_and_dispatch_lookups_cover_every_identity_byte_and_search_boundary ... ok

test result: ok. 1 passed; 0 failed; 0 ignored; 0 measured; 0 filtered out; finished in 0.15s

     Running tests/command_fences.rs (/home/doll/Project-Peritus/.worktrees/formal-scheduler-gap3/target/debug/deps/command_fences-d8782422560f5ae2)

running 5 tests
test current_unused_non_genesis_fences_are_accepted ... ok
test every_identity_and_digest_byte_participates_in_fence_equality ... ok
test every_revision_component_is_fenced_independently ... ok
test every_stale_fence_dimension_and_start_payload_is_rejected ... ok
test terminal_state_rejection_has_priority_over_every_stale_fence ... ok

test result: ok. 5 passed; 0 failed; 0 ignored; 0 measured; 0 filtered out; finished in 0.00s

     Running tests/domain_transitions.rs (/home/doll/Project-Peritus/.worktrees/formal-scheduler-gap3/target/debug/deps/domain_transitions-6c14306889f3f84d)

running 5 tests
test cancellation_tree_preserves_active_ownership_until_acknowledgement ... ok
test dependency_failure_propagates_and_never_manufactures_readiness ... ok
test pause_drain_and_terminal_truth_are_closed_and_explicit ... ok
test retryable_failure_is_explicit_and_attempt_bound_exhausts ... ok
test worker_loss_classifies_retry_ambiguity_failure_and_cancellation ... ok

test result: ok. 5 passed; 0 failed; 0 ignored; 0 measured; 0 filtered out; finished in 0.00s

     Running tests/durability_restart.rs (/home/doll/Project-Peritus/.worktrees/formal-scheduler-gap3/target/debug/deps/durability_restart-0519f77420261bd3)

running 2 tests
test commit_restart_resolution_and_conflicting_command_are_exact ... ok
test missing_checkpoint_fails_closed ... ok

test result: ok. 2 passed; 0 failed; 0 ignored; 0 measured; 0 filtered out; finished in 0.02s

     Running tests/legacy_recovery.rs (/home/doll/Project-Peritus/.worktrees/formal-scheduler-gap3/target/debug/deps/legacy_recovery-f08117680def85cf)

running 2 tests
test historical_admission_and_recovery_replay_with_exact_bytes_and_remain_writable ... ok
test old_benign_history_requires_legacy_admission_while_new_aggregates_reserve_recovery ... ok

test result: ok. 2 passed; 0 failed; 0 ignored; 0 measured; 0 filtered out; finished in 0.01s

     Running tests/queue_recovery.rs (/home/doll/Project-Peritus/.worktrees/formal-scheduler-gap3/target/debug/deps/queue_recovery-7f192222acd2469a)

running 5 tests
test final_attempt_and_cancelling_work_release_recovery_pressure ... ok
test full_queue_rejection_precedes_duplicate_identity ... ok
test repeated_explicit_recovery_preserves_the_queue_until_the_exact_final_attempt ... ok
test retryable_failure_cannot_overfill_the_queue_after_admission ... ok
test worker_loss_cannot_overfill_the_queue_after_admission ... ok

test result: ok. 5 passed; 0 failed; 0 ignored; 0 measured; 0 filtered out; finished in 0.02s

     Running tests/refresh_composition.rs (/home/doll/Project-Peritus/.worktrees/formal-scheduler-gap3/target/debug/deps/refresh_composition-abeadce9909a7446)

running 2 tests
test dependency_refresh_reaches_reverse_order_cascade_and_selects_first_failed_dependency ... ok
test worker_refresh_counts_cancelling_ownership_and_preserves_inactive_phases ... ok

test result: ok. 2 passed; 0 failed; 0 ignored; 0 measured; 0 filtered out; finished in 0.00s

     Running tests/replay_codec.rs (/home/doll/Project-Peritus/.worktrees/formal-scheduler-gap3/target/debug/deps/replay_codec-9d19d11bf8fc5117)

running 2 tests
test genesis_frames_roundtrip_and_replay_exactly ... ok
test reordered_or_tampered_stream_fails_closed ... ok

test result: ok. 2 passed; 0 failed; 0 ignored; 0 measured; 0 filtered out; finished in 0.00s

     Running tests/replay_reconstruction.rs (/home/doll/Project-Peritus/.worktrees/formal-scheduler-gap3/target/debug/deps/replay_reconstruction-a5a752534d074451)

running 2 tests
test replay_rejects_tampered_derived_cancellation_affected_set ... ok
test replay_rejects_tampered_successor_digest_not_used_by_reconstruction ... ok

test result: ok. 2 passed; 0 failed; 0 ignored; 0 measured; 0 filtered out; finished in 0.00s

     Running tests/reservation_preservation.rs (/home/doll/Project-Peritus/.worktrees/formal-scheduler-gap3/target/debug/deps/reservation_preservation-f7cf9dbc71d1f465)

running 4 tests
test cancellation_acknowledgement_and_abandonment_reject_without_partial_mutation ... ok
test dispatch_rejections_preserve_error_precedence_and_state ... ok
test every_release_path_frees_only_its_exact_capacity_and_replays ... ok
test retry_releases_capacity_and_reserves_a_fresh_dispatch_identity ... ok

test result: ok. 4 passed; 0 failed; 0 ignored; 0 measured; 0 filtered out; finished in 0.02s

     Running tests/resource_invariants.rs (/home/doll/Project-Peritus/.worktrees/formal-scheduler-gap3/target/debug/deps/resource_invariants-233615ce3da4e317)

running 3 tests
test identities_limits_and_vectors_reject_invalid_values ... ok
test indexed_quantity_preserves_present_and_absent_dimensions ... ok
test resource_addition_and_subtraction_are_exact_and_checked ... ok

test result: ok. 3 passed; 0 failed; 0 ignored; 0 measured; 0 filtered out; finished in 0.00s

     Running tests/selection_fairness.rs (/home/doll/Project-Peritus/.worktrees/formal-scheduler-gap3/target/debug/deps/selection_fairness-a2e503d6d9cab611)

running 1 test
test implementation_matches_independent_reference_and_forces_aged_work ... ok

test result: ok. 1 passed; 0 failed; 0 ignored; 0 measured; 0 filtered out; finished in 0.00s

     Running tests/session.rs (/home/doll/Project-Peritus/.worktrees/formal-scheduler-gap3/target/debug/deps/session-6dbe6e2f7623ebc4)

running 7 tests
test commit_without_matching_replay_and_invalid_pure_commands_do_not_advance_state ... ok
test corruption_after_session_planning_is_rejected_at_the_actual_append_boundary ... ok
test live_external_corruption_is_not_hidden_by_a_warm_session ... ok
test ordinary_same_owner_and_external_commits_invalidate_the_old_state ... ok
test racing_writer_rejects_planned_transition_and_then_replays_its_actual_successor ... ok
test switching_runs_and_failed_storage_cannot_publish_a_planned_successor ... ok
test warm_successors_and_restarted_replay_preserve_every_canonical_byte ... ok

test result: ok. 7 passed; 0 failed; 0 ignored; 0 measured; 0 filtered out; finished in 0.15s

     Running tests/terminal_summary.rs (/home/doll/Project-Peritus/.worktrees/formal-scheduler-gap3/target/debug/deps/terminal_summary-adeb37f65638c5b6)

running 4 tests
test empty_scheduler_completes_with_an_empty_non_success_list ... ok
test every_terminal_pair_uses_declared_priority_and_exact_non_success_ids ... ok
test missing_terminal_evidence_cannot_finalize_or_change_input ... ok
test mixed_terminal_preserves_the_v1_digest_of_canonical_work_ids ... ok

test result: ok. 4 passed; 0 failed; 0 ignored; 0 measured; 0 filtered out; finished in 0.04s

     Running tests/versioned_durability.rs (/home/doll/Project-Peritus/.worktrees/formal-scheduler-gap3/target/debug/deps/versioned_durability-1e978a589df8367c)

running 6 tests
test authentic_legacy_histories_import_reopen_and_rebuild_exactly ... ok
test checkpoint_schema_guard_rejects_both_mixed_version_directions ... ok
test durable_load_rejects_a_mixed_event_schema_chain_before_rebuild ... ok
test durable_load_rejects_checkpoint_event_schema_mismatch_before_rebuild ... ok
test fresh_legacy_genesis_is_purely_replayable_but_not_durably_creatable ... ok
test legacy_exact_retry_resolution_and_continuation_remain_version_sticky ... ok

test result: ok. 6 passed; 0 failed; 0 ignored; 0 measured; 0 filtered out; finished in 0.09s

     Running tests/versioned_wire.rs (/home/doll/Project-Peritus/.worktrees/formal-scheduler-gap3/target/debug/deps/versioned_wire-0eb42777e6fce0a9)

running 3 tests
test current_frames_are_schema_v2_and_roundtrip_through_dual_helpers ... ok
test dual_helpers_reject_invalid_headers_lengths_and_trailing_bytes ... ok
test historical_v1_frames_decode_and_reencode_byte_exactly ... ok

test result: ok. 3 passed; 0 failed; 0 ignored; 0 measured; 0 filtered out; finished in 0.00s

     Running tests/work_admission.rs (/home/doll/Project-Peritus/.worktrees/formal-scheduler-gap3/target/debug/deps/work_admission-c6c9a6380ca85982)

running 3 tests
test admission_references_and_resources_are_checked_before_worker_eligibility ... ok
test draining_and_duplicate_checks_keep_their_rejection_priority ... ok
test unavailable_workers_remain_admission_witnesses_until_removed ... ok

test result: ok. 3 passed; 0 failed; 0 ignored; 0 measured; 0 filtered out; finished in 0.00s

     Running tests/worker_descriptor_admission.rs (/home/doll/Project-Peritus/.worktrees/formal-scheduler-gap3/target/debug/deps/worker_descriptor_admission-4e44ad70ca021618)

running 4 tests
test capacity_limit_is_exact_and_class_rejection_keeps_priority ... ok
test concurrency_accepts_its_maximum_and_rejects_zero_or_excess ... ok
test empty_duplicate_and_descending_classes_are_rejected ... ok
test every_execution_class_pair_agrees_with_derived_canonical_order ... ok

test result: ok. 4 passed; 0 failed; 0 ignored; 0 measured; 0 filtered out; finished in 0.00s

     Running tests/worker_loss_outcomes.rs (/home/doll/Project-Peritus/.worktrees/formal-scheduler-gap3/target/debug/deps/worker_loss_outcomes-e57b655dab61a5c6)

running 2 tests
test empty_worker_loss_has_exact_admission_errors_and_replays ... ok
test mixed_loss_reports_each_owned_dispatch_once_in_order_and_preserves_other_worker ... ok

test result: ok. 2 passed; 0 failed; 0 ignored; 0 measured; 0 filtered out; finished in 0.04s

PASS	peritus-scheduler	H
BEGIN	peritus-secrets	H	cargo test --package peritus-secrets --all-targets --all-features --locked
   Compiling toml_edit v0.25.13+spec-1.1.0
   Compiling proc-macro-crate v3.5.0
   Compiling zvariant_derive v5.15.0
   Compiling digest v0.10.7
   Compiling zvariant v5.15.0
   Compiling zbus_names v4.3.4
   Compiling async-signal v0.2.14
   Compiling async-process v2.5.0
   Compiling zbus_macros v5.19.0
   Compiling hmac v0.12.1
   Compiling verus_state_machines_macros v0.0.0-2026-08-02-0125 (https://github.com/verus-lang/verus.git?rev=92f466f247f45128c630d1c843fd6e27d2115587#92f466f2)
   Compiling zbus v5.19.0
   Compiling vstd v0.0.0-2026-08-09-0044 (https://github.com/verus-lang/verus.git?rev=92f466f247f45128c630d1c843fd6e27d2115587#92f466f2)
   Compiling hkdf v0.12.4
   Compiling sha2 v0.10.9
   Compiling getrandom v0.2.17
   Compiling secret-service v5.1.0
   Compiling peritus-types v0.0.2 (/tmp/gap3-pcr7-inventory-candidate/crates/foundation/peritus-types)
   Compiling peritus-codec v0.0.2 (/tmp/gap3-pcr7-inventory-candidate/crates/foundation/peritus-codec)
   Compiling zbus-secret-service-keyring-store v1.0.1
   Compiling keyring v4.1.6
   Compiling peritus-sandbox v0.0.2 (/tmp/gap3-pcr7-inventory-candidate/crates/runtime/peritus-sandbox)
   Compiling tempfile v3.27.0
   Compiling peritus-secrets v0.0.2 (/tmp/gap3-pcr7-inventory-candidate/crates/runtime/peritus-secrets)
    Finished `test` profile [unoptimized + debuginfo] target(s) in 26.62s
     Running unittests src/lib.rs (/home/doll/Project-Peritus/.worktrees/formal-scheduler-gap3/target/debug/deps/peritus_secrets-2c3bfd85cde1fa71)

running 2 tests
test reference::tests::opaque_reference_round_trips ... ok
test store::tests::provider_namespace_preserves_existing_credential_references ... ok

test result: ok. 2 passed; 0 failed; 0 ignored; 0 measured; 0 filtered out; finished in 0.00s

     Running tests/secrets.rs (/home/doll/Project-Peritus/.worktrees/formal-scheduler-gap3/target/debug/deps/secrets-4ca313f71de6632c)

running 6 tests
test every_delivery_mode_is_owned_redacted_and_idempotently_cleaned ... ok
test keyed_redaction_matches_exact_and_fragments_then_expires ... ok
test leases_reject_drift_expiry_reuse_and_revocation ... ok
test material_store_outcomes_and_versions_are_exact_without_debug_disclosure ... ok
test preparation_resolves_only_exact_checked_leases_and_owns_cleanup ... ok
test recovery_touches_only_exact_owned_identity ... ok

test result: ok. 6 passed; 0 failed; 0 ignored; 0 measured; 0 filtered out; finished in 0.00s

PASS	peritus-secrets	H
BEGIN	peritus-security-policy	V	cargo test --package peritus-security-policy --all-targets --all-features --locked
   Compiling peritus-security-policy v0.0.2 (/tmp/gap3-pcr7-inventory-candidate/crates/foundation/peritus-security-policy)
    Finished `test` profile [unoptimized + debuginfo] target(s) in 0.96s
     Running unittests src/lib.rs (/home/doll/Project-Peritus/.worktrees/formal-scheduler-gap3/target/debug/deps/peritus_security_policy-0710d9bf442b6af9)

running 0 tests

test result: ok. 0 passed; 0 failed; 0 ignored; 0 measured; 0 filtered out; finished in 0.00s

     Running tests/policy.rs (/home/doll/Project-Peritus/.worktrees/formal-scheduler-gap3/target/debug/deps/policy-feab0973b2ebbfbd)

running 7 tests
test any_candidate_mutation_invalidates_prior_security_evidence ... ok
test complete_exact_candidate_is_security_ready_without_release_authority ... ok
test every_native_probe_outcome_is_required_for_final_admission ... ok
test every_required_security_dimension_fails_closed_when_removed ... ok
test missing_independent_review_is_not_ready ... ok
test resolved_high_finding_requires_remediation_and_retest_evidence ... ok
test unresolved_high_finding_blocks_readiness ... ok

test result: ok. 7 passed; 0 failed; 0 ignored; 0 measured; 0 filtered out; finished in 0.01s

PASS	peritus-security-policy	V
BEGIN	peritus-spec	V	cargo test --package peritus-spec --all-targets --all-features --locked
   Compiling peritus-spec v0.0.2 (/tmp/gap3-pcr7-inventory-candidate/crates/foundation/peritus-spec)
    Finished `test` profile [unoptimized + debuginfo] target(s) in 0.86s
     Running unittests src/lib.rs (/home/doll/Project-Peritus/.worktrees/formal-scheduler-gap3/target/debug/deps/peritus_spec-7d4842087679c393)

running 0 tests

test result: ok. 0 passed; 0 failed; 0 ignored; 0 measured; 0 filtered out; finished in 0.00s

     Running tests/binding.rs (/home/doll/Project-Peritus/.worktrees/formal-scheduler-gap3/target/debug/deps/binding-e53eae8bc5d4e398)

running 1 test
test binding_requires_the_tuple_to_name_the_exact_contract ... ok

test result: ok. 1 passed; 0 failed; 0 ignored; 0 measured; 0 filtered out; finished in 0.00s

     Running tests/contract_validation.rs (/home/doll/Project-Peritus/.worktrees/formal-scheduler-gap3/target/debug/deps/contract_validation-94375df4466a9690)

running 5 tests
test contract_preserves_checked_components ... ok
test contract_rejects_dangling_and_mistyped_evidence ... ok
test contract_rejects_duplicate_requirements_exclusions_and_assumptions ... ok
test contract_rejects_quorum_that_cannot_fit_in_review_cycles ... ok
test review_and_completion_policies_reject_zero_or_ambiguous_inputs ... ok

test result: ok. 5 passed; 0 failed; 0 ignored; 0 measured; 0 filtered out; finished in 0.00s

     Running tests/gate_graph.rs (/home/doll/Project-Peritus/.worktrees/formal-scheduler-gap3/target/debug/deps/gate_graph-fb6b45aa608628c1)

running 3 tests
test gate_and_graph_constructors_reject_ambiguous_ordering ... ok
test graph_rejects_unknown_dependencies_and_cycles ... ok
test graph_returns_a_deterministic_dependency_order ... ok

test result: ok. 3 passed; 0 failed; 0 ignored; 0 measured; 0 filtered out; finished in 0.00s

PASS	peritus-spec	V
BEGIN	peritus-tcb	T	cargo test --package peritus-tcb --all-targets --all-features --locked
   Compiling peritus-tcb v0.0.2 (/tmp/gap3-pcr7-inventory-candidate/crates/foundation/peritus-tcb)
    Finished `test` profile [unoptimized + debuginfo] target(s) in 0.45s
     Running unittests src/lib.rs (/home/doll/Project-Peritus/.worktrees/formal-scheduler-gap3/target/debug/deps/peritus_tcb-3b0fa694a96eaf4f)

running 0 tests

test result: ok. 0 passed; 0 failed; 0 ignored; 0 measured; 0 filtered out; finished in 0.00s

     Running tests/manifest_paths.rs (/home/doll/Project-Peritus/.worktrees/formal-scheduler-gap3/target/debug/deps/manifest_paths-05baa82003d10403)

running 2 tests
test manifest_paths_are_unique_repository_relative_toml_files ... ok
test manifest_paths_resolve_to_regular_repository_files ... ok

test result: ok. 2 passed; 0 failed; 0 ignored; 0 measured; 0 filtered out; finished in 0.00s

PASS	peritus-tcb	T
BEGIN	peritus-telemetry	H	cargo test --package peritus-telemetry --all-targets --all-features --locked
   Compiling peritus-trace v0.0.2 (/tmp/gap3-pcr7-inventory-candidate/crates/observe/peritus-trace)
   Compiling peritus-telemetry v0.0.2 (/tmp/gap3-pcr7-inventory-candidate/crates/observe/peritus-telemetry)
    Finished `test` profile [unoptimized + debuginfo] target(s) in 2.40s
     Running unittests src/lib.rs (/home/doll/Project-Peritus/.worktrees/formal-scheduler-gap3/target/debug/deps/peritus_telemetry-33225cd10917781e)

running 2 tests
test storage::tests::checkpoint_rejects_a_prefix_without_exact_final_disposition_accounting ... ok
test storage::tests::identical_retry_reenters_durability_finalization_after_prior_failure ... ok

test result: ok. 2 passed; 0 failed; 0 ignored; 0 measured; 0 filtered out; finished in 0.00s

     Running tests/buffering_export.rs (/home/doll/Project-Peritus/.worktrees/formal-scheduler-gap3/target/debug/deps/buffering_export-77b8f21ce3798da5)

running 4 tests
test both_backpressure_policies_are_bounded_and_account_exact_drops ... ok
test contradictory_acknowledgement_keeps_the_batch_pending ... ok
test exporter_failure_is_explicit_and_retains_the_exact_batch_for_retry ... ok
test shutdown_is_bounded_and_only_releases_an_empty_exporter ... ok

test result: ok. 4 passed; 0 failed; 0 ignored; 0 measured; 0 filtered out; finished in 0.00s

     Running tests/checkpoint_recovery.rs (/home/doll/Project-Peritus/.worktrees/formal-scheduler-gap3/target/debug/deps/checkpoint_recovery-ce001c8c2c766f4c)

running 6 tests
test checkpoint_restart_replays_only_the_undisposed_projection_suffix ... ok
test corrupted_latest_generation_fails_closed_and_abandoned_temp_is_removed ... ok
test drop_oldest_checkpoint_preserves_eviction_before_later_export_across_restart ... ok
test recovery_rejects_a_checkpoint_from_changed_projection_history ... ok
test reject_newest_checkpoint_preserves_trailing_gap_after_earlier_exports ... ok
test version_one_checkpoint_marker_is_explicitly_unsupported ... ok

test result: ok. 6 passed; 0 failed; 0 ignored; 0 measured; 0 filtered out; finished in 0.00s

     Running tests/leakage.rs (/home/doll/Project-Peritus/.worktrees/formal-scheduler-gap3/target/debug/deps/leakage-06014dec018d7bef)

running 1 test
test exporter_adapter_state_never_enters_errors_metrics_or_source_chains ... ok

test result: ok. 1 passed; 0 failed; 0 ignored; 0 measured; 0 filtered out; finished in 0.00s

PASS	peritus-telemetry	H
BEGIN	peritus-tool-protocol	H	cargo test --package peritus-tool-protocol --all-targets --all-features --locked
   Compiling serde_core v1.0.229
   Compiling serde_json v1.0.149
   Compiling peritus-tool-protocol v0.0.2 (/tmp/gap3-pcr7-inventory-candidate/crates/tools/peritus-tool-protocol)
    Finished `test` profile [unoptimized + debuginfo] target(s) in 3.58s
     Running unittests src/lib.rs (/home/doll/Project-Peritus/.worktrees/formal-scheduler-gap3/target/debug/deps/peritus_tool_protocol-bc1e3ae4f900c4de)

running 1 test
test verified::tests::bounds_reject_each_missing_fact ... ok

test result: ok. 1 passed; 0 failed; 0 ignored; 0 measured; 0 filtered out; finished in 0.00s

     Running tests/protocol_envelopes.rs (/home/doll/Project-Peritus/.worktrees/formal-scheduler-gap3/target/debug/deps/protocol_envelopes-c8edb752ef0223ef)

running 11 tests
test canonical_json_and_schema_fixtures_are_byte_stable ... ok
test canonical_json_rejects_duplicate_keys_at_every_depth ... ok
test common_envelope_decoder_enforces_transport_bounds_and_header ... ok
test complete_schema_validation_rejects_wrong_and_extra_values ... ok
test descriptor_and_prepared_generation_is_deterministic ... ok
test every_public_envelope_has_stable_versioned_bytes ... ok
test json_limit_construction_can_only_narrow_production_ceilings ... ok
test progress_and_terminal_output_enforce_narrowed_call_bounds ... ok
test protocol_error_rejects_an_over_limit_path ... ok
test recursive_schema_error_paths_are_utf8_safely_bounded ... ok
test schema_compatibility_allows_only_additive_optional_properties ... ok

test result: ok. 11 passed; 0 failed; 0 ignored; 0 measured; 0 filtered out; finished in 0.01s

PASS	peritus-tool-protocol	H
BEGIN	peritus-tool-router	H	cargo test --package peritus-tool-router --all-targets --all-features --locked
   Compiling peritus-tool-protocol v0.0.2 (/tmp/gap3-pcr7-inventory-candidate/crates/tools/peritus-tool-protocol)
   Compiling peritus-tool-router v0.0.2 (/tmp/gap3-pcr7-inventory-candidate/crates/tools/peritus-tool-router)
    Finished `test` profile [unoptimized + debuginfo] target(s) in 3.09s
     Running unittests src/lib.rs (/home/doll/Project-Peritus/.worktrees/formal-scheduler-gap3/target/debug/deps/peritus_tool_router-e2380db7c44890ae)

running 3 tests
test verified::tests::authority_rejects_each_independent_missing_fact ... ok
test verified::tests::operation_refinement_rejects_each_independent_mismatch ... ok
test verified::tests::rejection_and_replay_never_admit_second_effect ... ok

test result: ok. 3 passed; 0 failed; 0 ignored; 0 measured; 0 filtered out; finished in 0.00s

     Running tests/production_conformance.rs (/home/doll/Project-Peritus/.worktrees/formal-scheduler-gap3/target/debug/deps/production_conformance-a47b45ec569e25e9)

running 1 test
test production_router_passes_all_eight_a2_tool_cases ... ok

test result: ok. 1 passed; 0 failed; 0 ignored; 0 measured; 0 filtered out; finished in 0.23s

     Running tests/router_authority.rs (/home/doll/Project-Peritus/.worktrees/formal-scheduler-gap3/target/debug/deps/router_authority-34078a2ffed059a5)

running 6 tests
test authority_rejection_never_calls_dispatcher ... ok
test conflicting_and_non_idempotent_replay_never_repeat_effect ... ok
test exact_authority_dispatches_once_and_exact_replay_returns_cached_result ... ok
test exact_replay_still_requires_exact_authority_without_redispatch ... ok
test rejected_control_restores_active_execution_ownership ... ok
test wrong_prepared_digest_never_calls_dispatcher ... ok

test result: ok. 6 passed; 0 failed; 0 ignored; 0 measured; 0 filtered out; finished in 0.07s

     Running tests/router_lifecycle.rs (/home/doll/Project-Peritus/.worktrees/formal-scheduler-gap3/target/debug/deps/router_lifecycle-397d84350443a412)

running 3 tests
test progress_then_typed_poll_failure_closes_with_observed_count ... ok
test recovery_progress_and_terminal_are_accepted_as_one_update ... ok
test synchronous_result_cannot_claim_unobserved_progress ... ok

test result: ok. 3 passed; 0 failed; 0 ignored; 0 measured; 0 filtered out; finished in 0.04s

PASS	peritus-tool-router	H
BEGIN	peritus-tools-fs	H	cargo test --package peritus-tools-fs --all-targets --all-features --locked
   Compiling peritus-tool-router v0.0.2 (/tmp/gap3-pcr7-inventory-candidate/crates/tools/peritus-tool-router)
   Compiling peritus-tools-fs v0.0.2 (/tmp/gap3-pcr7-inventory-candidate/crates/tools/peritus-tools-fs)
    Finished `test` profile [unoptimized + debuginfo] target(s) in 2.55s
     Running unittests src/lib.rs (/home/doll/Project-Peritus/.worktrees/formal-scheduler-gap3/target/debug/deps/peritus_tools_fs-095ac67794970d7c)

running 1 test
test verified::tests::independent_bounds_fail_closed ... ok

test result: ok. 1 passed; 0 failed; 0 ignored; 0 measured; 0 filtered out; finished in 0.00s

     Running tests/filesystem_tools.rs (/home/doll/Project-Peritus/.worktrees/formal-scheduler-gap3/target/debug/deps/filesystem_tools-b164d7ca51daeb2e)

running 4 tests
test descriptor_catalog_is_complete_canonical_and_deterministic ... ok
test every_mutation_form_compiles_to_one_canonical_patch_set ... ok
test immutable_discover_read_metadata_and_search_are_real_and_bounded ... ok
test immutable_inspection_refuses_symlink_traversal ... ok

test result: ok. 4 passed; 0 failed; 0 ignored; 0 measured; 0 filtered out; finished in 0.16s

     Running tests/fs_dispatch.rs (/home/doll/Project-Peritus/.worktrees/formal-scheduler-gap3/target/debug/deps/fs_dispatch-0ddbcef246ebc739)

running 3 tests
test authorized_preimage_conflict_is_failed_without_effect ... ok
test router_dispatches_create_and_write_through_target_owned_gateway ... ok
test router_dispatches_remove_replace_and_atomic_multi_file_patch ... ok

test result: ok. 3 passed; 0 failed; 0 ignored; 0 measured; 0 filtered out; finished in 0.84s

PASS	peritus-tools-fs	H
BEGIN	peritus-tools-git	H	cargo test --package peritus-tools-git --all-targets --all-features --locked
   Compiling peritus-tools-git v0.0.2 (/tmp/gap3-pcr7-inventory-candidate/crates/tools/peritus-tools-git)
    Finished `test` profile [unoptimized + debuginfo] target(s) in 1.61s
     Running unittests src/lib.rs (/home/doll/Project-Peritus/.worktrees/formal-scheduler-gap3/target/debug/deps/peritus_tools_git-0f2b9f6c5b06d8e1)

running 1 test
test verified::tests::diff_dimensions_are_independent ... ok

test result: ok. 1 passed; 0 failed; 0 ignored; 0 measured; 0 filtered out; finished in 0.00s

     Running tests/git_dispatch.rs (/home/doll/Project-Peritus/.worktrees/formal-scheduler-gap3/target/debug/deps/git_dispatch-7697c64321a32bd9)

running 1 test
test router_dispatches_candidate_snapshot_and_history_preserving_rollback ... ok

test result: ok. 1 passed; 0 failed; 0 ignored; 0 measured; 0 filtered out; finished in 0.32s

     Running tests/git_tools.rs (/home/doll/Project-Peritus/.worktrees/formal-scheduler-gap3/target/debug/deps/git_tools-d9dbbe561ed68928)

running 3 tests
test descriptor_catalog_is_complete_canonical_and_deterministic ... ok
test merge_is_typed_unsupported_and_never_mutates_refs ... ok
test structured_status_diff_history_and_snapshot_use_real_git_observations ... ok

test result: ok. 3 passed; 0 failed; 0 ignored; 0 measured; 0 filtered out; finished in 0.17s

PASS	peritus-tools-git	H
BEGIN	peritus-tools-quality	H	cargo test --package peritus-tools-quality --all-targets --all-features --locked
   Compiling peritus-tools-quality v0.0.2 (/tmp/gap3-pcr7-inventory-candidate/crates/tools/peritus-tools-quality)
    Finished `test` profile [unoptimized + debuginfo] target(s) in 0.97s
     Running unittests src/lib.rs (/home/doll/Project-Peritus/.worktrees/formal-scheduler-gap3/target/debug/deps/peritus_tools_quality-a1fe9ecebc36e1cc)

running 12 tests
test acceptance::tests::all_execution_relevant_fields_change_the_binding ... ok
test catalog::tests::catalog_refines_b1_classes_exactly ... ok
test discovery::cargo::tests::invalid_manifest_is_not_discovery_success ... ok
test discovery::just::tests::finds_only_public_zero_argument_recipes ... ok
test discovery::tests::real_temporary_project_discovers_cargo_and_just_surfaces ... ok
test error::tests::diagnostic_cap_preserves_utf8_boundaries ... ok
test parser::tests::json_parser_never_passes_invalid_or_incomplete_output ... ok
test parser::tests::json_success_requires_an_explicit_true_member ... ok
test result::tests::contradictory_failure_envelopes_are_malformed_and_never_retryable ... ok
test result::tests::malformed_or_open_terminal_values_fail_closed ... ok
test result::tests::status_failure_and_structured_outcome_matrix_is_closed ... ok
test result::tests::structured_quality_terminal_decodes_all_required_provenance ... ok

test result: ok. 12 passed; 0 failed; 0 ignored; 0 measured; 0 filtered out; finished in 0.01s

PASS	peritus-tools-quality	H
BEGIN	peritus-tools-shell	H	cargo test --package peritus-tools-shell --all-targets --all-features --locked
   Compiling peritus-tools-shell v0.0.2 (/tmp/gap3-pcr7-inventory-candidate/crates/tools/peritus-tools-shell)
    Finished `test` profile [unoptimized + debuginfo] target(s) in 2.42s
     Running unittests src/lib.rs (/home/doll/Project-Peritus/.worktrees/formal-scheduler-gap3/target/debug/deps/peritus_tools_shell-abe59b74d88d14e5)

running 9 tests
test catalog::tests::descriptors_are_stable_and_distinct ... ok
test error::tests::diagnostic_cap_preserves_utf8_boundaries ... ok
test execution::terminal::tests::exec_and_script_accept_counted_truncation_but_not_incomplete_output ... ok
test input::tests::direct_command_line_becomes_literal_argv ... ok
test input::tests::direct_command_line_rejects_shell_syntax_and_markup ... ok
test input::tests::script_is_one_literal_argument ... ok
test input::tests::structured_argv_keeps_arguments_literal ... ok
test input::tests::structured_argv_rejects_shell_command_mode ... ok
test render::tests::escapes_controls_and_labels_tail_truncation ... ok

test result: ok. 9 passed; 0 failed; 0 ignored; 0 measured; 0 filtered out; finished in 0.00s

     Running unittests tests/fixtures/native_helper.rs (/home/doll/Project-Peritus/.worktrees/formal-scheduler-gap3/target/debug/deps/peritus_c4_native_helper_fixture-e337be3a8a37073b)

running 0 tests

test result: ok. 0 passed; 0 failed; 0 ignored; 0 measured; 0 filtered out; finished in 0.00s

     Running unittests tests/fixtures/process_fixture.rs (/home/doll/Project-Peritus/.worktrees/formal-scheduler-gap3/target/debug/deps/peritus_c4_process_fixture-57c83bed5d4b1280)

running 0 tests

test result: ok. 0 passed; 0 failed; 0 ignored; 0 measured; 0 filtered out; finished in 0.00s

     Running tests/execution_integration.rs (/home/doll/Project-Peritus/.worktrees/formal-scheduler-gap3/target/debug/deps/execution_integration-3d685457e9077b91)

running 2 tests
test quality_run_emits_candidate_evidence_and_invalid_json_never_passes ... ok
test shell_exec_runs_literal_argv_accepts_stdin_and_publishes_output_artifacts ... ok

test result: ok. 2 passed; 0 failed; 0 ignored; 0 measured; 0 filtered out; finished in 0.17s

PASS	peritus-tools-shell	H
BEGIN	peritus-trace	H	cargo test --package peritus-trace --all-targets --all-features --locked
   Compiling peritus-trace v0.0.2 (/tmp/gap3-pcr7-inventory-candidate/crates/observe/peritus-trace)
    Finished `test` profile [unoptimized + debuginfo] target(s) in 1.14s
     Running unittests src/lib.rs (/home/doll/Project-Peritus/.worktrees/formal-scheduler-gap3/target/debug/deps/peritus_trace-a332027c82357320)

running 0 tests

test result: ok. 0 passed; 0 failed; 0 ignored; 0 measured; 0 filtered out; finished in 0.00s

     Running tests/domain_projection.rs (/home/doll/Project-Peritus/.worktrees/formal-scheduler-gap3/target/debug/deps/domain_projection-d5c1afa1a33c2ee6)

running 5 tests
test binding_hierarchy_requires_ancestors_and_refines_them ... ok
test observation_rejects_noncanonical_and_self_causal_collections ... ok
test projection_accepts_exact_replay_and_rejects_changed_duplicates ... ok
test projection_enforces_predecessor_time_parent_and_terminal_rules ... ok
test rejected_first_observations_are_failure_atomic_and_do_not_bind_session ... ok

test result: ok. 5 passed; 0 failed; 0 ignored; 0 measured; 0 filtered out; finished in 0.00s

     Running tests/redaction_codec.rs (/home/doll/Project-Peritus/.worktrees/formal-scheduler-gap3/target/debug/deps/redaction_codec-edc68baceda701c2)

running 3 tests
test canonical_codec_round_trips_and_rejects_truncation_without_content ... ok
test redaction_omits_bytes_or_binds_exact_encrypted_metadata ... ok
test sensitive_debug_error_and_complete_source_chain_are_content_free ... ok

test result: ok. 3 passed; 0 failed; 0 ignored; 0 measured; 0 filtered out; finished in 0.00s

     Running tests/storage_recovery.rs (/home/doll/Project-Peritus/.worktrees/formal-scheduler-gap3/target/debug/deps/storage_recovery-6c3a6c13b45c6b9b)

running 2 tests
test c0_record_replay_and_restart_rebuild_are_exact ... ok
test changed_command_reuse_is_explicit_and_does_not_append ... ok

test result: ok. 2 passed; 0 failed; 0 ignored; 0 measured; 0 filtered out; finished in 0.02s

PASS	peritus-trace	H
BEGIN	peritus-types	V	cargo test --package peritus-types --all-targets --all-features --locked
   Compiling peritus-types v0.0.2 (/tmp/gap3-pcr7-inventory-candidate/crates/foundation/peritus-types)
    Finished `test` profile [unoptimized + debuginfo] target(s) in 1.24s
     Running unittests src/lib.rs (/home/doll/Project-Peritus/.worktrees/formal-scheduler-gap3/target/debug/deps/peritus_types-153ab0982e8f1688)

running 0 tests

test result: ok. 0 passed; 0 failed; 0 ignored; 0 measured; 0 filtered out; finished in 0.00s

     Running tests/capability.rs (/home/doll/Project-Peritus/.worktrees/formal-scheduler-gap3/target/debug/deps/capability-e3a9fb89e8dee24d)

running 5 tests
test accepts_the_complete_grammar_and_length_boundaries ... ok
test canonical_comparison_is_exact_ascii_lexicographic_order ... ok
test rejects_empty_overlong_and_empty_segments ... ok
test rejects_invalid_segment_starts ... ok
test rejects_non_ascii_and_disallowed_ascii ... ok

test result: ok. 5 passed; 0 failed; 0 ignored; 0 measured; 0 filtered out; finished in 0.00s

     Running tests/digest.rs (/home/doll/Project-Peritus/.worktrees/formal-scheduler-gap3/target/debug/deps/digest-cd785d9c7aa65251)

running 1 test
test digest_preserves_every_exact_byte_pattern ... ok

test result: ok. 1 passed; 0 failed; 0 ignored; 0 measured; 0 filtered out; finished in 0.00s

     Running tests/errors.rs (/home/doll/Project-Peritus/.worktrees/formal-scheduler-gap3/target/debug/deps/errors-08ad85d75ac0ab62)

running 1 test
test error_codes_are_stable_and_category_specific ... ok

test result: ok. 1 passed; 0 failed; 0 ignored; 0 measured; 0 filtered out; finished in 0.00s

     Running tests/ids.rs (/home/doll/Project-Peritus/.worktrees/formal-scheduler-gap3/target/debug/deps/ids-ce529d4a1b8de50a)

running 3 tests
test every_byte_position_can_make_an_identifier_nonzero ... ok
test every_nominal_identifier_enforces_the_shared_boundary ... ok
test identifiers_have_value_semantics_and_nominal_types ... ok

test result: ok. 3 passed; 0 failed; 0 ignored; 0 measured; 0 filtered out; finished in 0.00s

     Running tests/numbers.rs (/home/doll/Project-Peritus/.worktrees/formal-scheduler-gap3/target/debug/deps/numbers-5c2640bd1355a922)

running 3 tests
test event_sequences_are_one_based_and_checked ... ok
test generations_are_one_based_and_checked ... ok
test revision_numbers_are_one_based_and_checked ... ok

test result: ok. 3 passed; 0 failed; 0 ignored; 0 measured; 0 filtered out; finished in 0.00s

     Running tests/resource.rs (/home/doll/Project-Peritus/.worktrees/formal-scheduler-gap3/target/debug/deps/resource-5f6b4a09da8ac2ee)

running 3 tests
test addition_is_exact_or_reports_overflow ... ok
test subtraction_is_exact_or_reports_underflow ... ok
test zero_and_all_resource_dimensions_are_representable ... ok

test result: ok. 3 passed; 0 failed; 0 ignored; 0 measured; 0 filtered out; finished in 0.00s

     Running tests/revision.rs (/home/doll/Project-Peritus/.worktrees/formal-scheduler-gap3/target/debug/deps/revision-a1cbf7dd594270ef)

running 2 tests
test changing_any_component_changes_tuple_identity ... ok
test revision_tuple_preserves_every_nominal_component ... ok

test result: ok. 2 passed; 0 failed; 0 ignored; 0 measured; 0 filtered out; finished in 0.00s

PASS	peritus-types	V
BEGIN	peritus-workspace	H	cargo test --package peritus-workspace --all-targets --all-features --locked
   Compiling nix v0.31.3
   Compiling peritus-workspace v0.0.2 (/tmp/gap3-pcr7-inventory-candidate/crates/runtime/peritus-workspace)
    Finished `test` profile [unoptimized + debuginfo] target(s) in 3.77s
     Running unittests src/lib.rs (/home/doll/Project-Peritus/.worktrees/formal-scheduler-gap3/target/debug/deps/peritus_workspace-62eb9caa9c2769e7)

running 12 tests
test reconcile::tests::post_fence_classification_never_guesses_safety ... ok
test scoped_inspection::read::tests::nonexistent_last_line_and_oversized_selected_lines_reject_without_partial_result ... ok
test scoped_inspection::read::tests::range_scanning_is_chunk_independent_and_preserves_original_line_terminators ... ok
test scoped_inspection::read::tests::replaced_file_identity_and_changed_same_length_content_invalidate_the_observation ... ok
test scoped_inspection::tests::empty_files_large_ranged_files_and_invalid_bounds_have_explicit_results ... ok
test scoped_inspection::tests::exact_bytes_ranges_and_full_source_digests_are_independent_and_never_truncated ... ok
test scoped_inspection::tests::races::an_open_capability_rejects_a_replaced_root_before_publishing_source_bytes ... ok
test scoped_inspection::tests::races::concurrent_intermediate_symlink_swaps_never_publish_outside_bytes ... ok
test scoped_inspection::tests::races::fifo_socket_and_directory_reject_as_non_regular_files_without_waiting_for_a_writer ... ok
test scoped_inspection::tests::symlinks_at_every_component_and_replaced_roots_cannot_read_an_outside_file ... ok
test verified::tests::authority_gate_rejects_every_missing_fact ... ok
test verified::tests::resource_identity_rejects_each_independent_mismatch ... ok

test result: ok. 12 passed; 0 failed; 0 ignored; 0 measured; 0 filtered out; finished in 0.33s

     Running tests/authorized_gateway.rs (/home/doll/Project-Peritus/.worktrees/formal-scheduler-gap3/target/debug/deps/authorized_gateway-915521ec271a23c7)

running 13 tests
test caller_binding::distinct_tool_parent_binding_is_committed_and_swaps_have_no_effect ... ok
test clean_open_rejects_a_worktree_that_differs_from_the_current_snapshot_tree ... ok
test durable_action_marker_rejects_receipt_replay_after_full_reopen ... ok
test exact_committed_receipts_are_required_before_real_patch_effect ... ok
test folder::committed_authority_must_match_the_folder_owners_full_revision_tuple ... ok
test folder::intervening_edit_conflicts_without_overwrite ... ok
test folder::recovery_requires_the_exact_consumed_canonical_action_before_classifying_cleaned_state ... ok
test folder::registered_folder_applies_exact_bytes_with_committed_authority_and_rejects_replay ... ok
test gateway_runs_candidate_rollback_and_clean_reconciliation_with_real_effects ... ok
test namespace_safety::open_rejects_a_transaction_root_that_contains_the_managed_worktree ... ok
test namespace_safety::reconciliation_observes_unrelated_namespace_child_without_quarantining_it ... ok
test rollback_stays_dirty_when_manifest_finalization_fails_after_restore ... ok
test snapshot_publication::candidate_quota_failure_releases_the_unpublished_snapshot ... ok

test result: ok. 13 passed; 0 failed; 0 ignored; 0 measured; 0 filtered out; finished in 1.76s

     Running tests/production_conformance.rs (/home/doll/Project-Peritus/.worktrees/formal-scheduler-gap3/target/debug/deps/production_conformance-b09a97e953570e0f)

running 1 test
test production_workspace_passes_a2_git_patch_snapshot_and_recovery_suite ... ok

test result: ok. 1 passed; 0 failed; 0 ignored; 0 measured; 0 filtered out; finished in 1.09s

     Running tests/workspace_registration.rs (/home/doll/Project-Peritus/.worktrees/formal-scheduler-gap3/target/debug/deps/workspace_registration-5bb2b2c0e0122a73)

running 2 tests
test registration_rejects_malformed_bytes_and_read_only_worktrees ... ok
test workspace_registration_round_trips_exact_reopen_inputs ... ok

test result: ok. 2 passed; 0 failed; 0 ignored; 0 measured; 0 filtered out; finished in 0.10s

PASS	peritus-workspace	H
SUMMARY	66	passed
